CD_REF,Regroupement,REGNE,NOM_VALIDE,GBIF,AccSpeciesID,KEW_binomial_acc_name,PFAF_name,Comment
79691,Angiospermes,Plantae,"Acacia dealbata Link, 1822",2979474,279,Acacia dealbata,Acacia dealbata,
79734,Angiospermes,Plantae,"Acer campestre L., 1753",3189863,797,Acer campestre,Acer campestre,
79766,Angiospermes,Plantae,"Acer negundo L., 1753",3189866,841,Acer negundo,Acer negundo,
79887,Angiospermes,Plantae,"Achillea erba-rotta All., 1773",9536147,904,Achillea erba-rotta,Achillea erba-rotta,
79908,Angiospermes,Plantae,"Achillea millefolium L., 1753",3120060,909,Achillea millefolium,Achillea millefolium,
79913,Angiospermes,Plantae,"Achillea nana L., 1753",8714852,911,Achillea nana,not_found,
79921,Angiospermes,Plantae,"Achillea ptarmica L., 1753",3120333,916,Achillea ptarmica,Achillea ptarmica,
79939,Angiospermes,Plantae,"Achillea tomentosa L., 1753",7787053,73481,not_found,not_found,
80007,Angiospermes,Plantae,"Aconitum anthora L., 1753",3033670,73526,Aconitum anthora,not_found,
80034,Angiospermes,Plantae,"Aconitum lycoctonum L., 1753",3033675,1027,Aconitum lycoctonum,Aconitum lycoctonum,
80037,Angiospermes,Plantae,"Aconitum napellus L., 1753",3033665,1028,Aconitum napellus,Aconitum napellus,
80066,Angiospermes,Plantae,"Aconitum variegatum L., 1753",8090449,1037,Aconitum variegatum,not_found,
80086,Angiospermes,Plantae,"Acorus calamus L., 1753",2873769,1045,Acorus calamus,Acorus calamus,
80137,Angiospermes,Plantae,"Actaea spicata L., 1753",5371473,1133,Actaea spicata,Actaea spicata,
80212,Angiospermes,Plantae,"Adonis annua L., 1753 [nom. et typ. cons.]",5371709,1361,Adonis annua,not_found,
80240,Angiospermes,Plantae,"Adonis vernalis L., 1753",5371711,1364,Adonis vernalis,Adonis vernalis,
80322,Angiospermes,Plantae,"Aegopodium podagraria L., 1753",3034620,1439,Aegopodium podagraria,Aegopodium podagraria,
80358,Angiospermes,Plantae,"Aethusa cynapium L., 1753",5371825,1593,Aethusa cynapium,Aethusa cynapium,
80383,Angiospermes,Plantae,"Agave americana L., 1753",2767031,1679,Agave americana,Agave americana,
80410,Angiospermes,Plantae,"Agrimonia eupatoria L., 1753",3001956,1810,Agrimonia eupatoria,Agrimonia eupatoria,
80417,Angiospermes,Plantae,"Agrimonia procera Wallr., 1840",3002121,1815,Agrimonia procera,not_found,
80546,Angiospermes,Plantae,"Agrostemma githago L., 1753",3085368,1869,Agrostemma githago,Agrostemma githago,
80824,Angiospermes,Plantae,"Ailanthus altissima (Mill.) Swingle, 1916",3190653,2124,Ailanthus altissima,Ailanthus altissima,
80978,Angiospermes,Plantae,"Ajuga chamaepitys (L.) Schreb., 1773",2927080,2162,Ajuga chamaepitys,Ajuga chamaepitys,
80980,Angiospermes,Plantae,"Ajuga genevensis L., 1753",2927079,2165,Ajuga genevensis,not_found,
80988,Angiospermes,Plantae,"Ajuga pyramidalis L., 1753",8429926,2170,Ajuga pyramidalis,not_found,
80990,Angiospermes,Plantae,"Ajuga reptans L., 1753",2927078,2172,Ajuga reptans,Ajuga reptans,
81027,Angiospermes,Plantae,"Alchemilla acutiloba Opiz, 1838",7890713,2297,Alchemilla vulgaris,not_found,
81033,Angiospermes,Plantae,"Alchemilla alpina L., 1753",3027648,2299,Alchemilla alpina,Alchemilla alpina,
81295,Angiospermes,Plantae,"Alliaria petiolata (M.Bieb.) Cavara & Grande, 1913",5376075,2496,Alliaria petiolata,Alliaria petiolata,
81499,Angiospermes,Plantae,"Allium roseum L., 1753",2855893,2560,Allium roseum,Allium roseum,
81508,Angiospermes,Plantae,"Allium schoenoprasum L., 1753",2855860,2566,Allium schoenoprasum,Allium schoenoprasum,
81541,Angiospermes,Plantae,"Allium ursinum L., 1753",2857601,2587,Allium ursinum,Allium ursinum,
81543,Angiospermes,Plantae,"Allium victorialis L., 1753",2857132,2589,Allium victorialis,Allium victorialis,
81563,Angiospermes,Plantae,"Alnus alnobetula (Ehrh.) K.Koch, 1872",8956987,2704,Alnus alnobetula,not_found,
81569,Angiospermes,Plantae,"Alnus glutinosa (L.) Gaertn., 1790",2876213,2710,Alnus glutinosa,Alnus glutinosa,
81570,Angiospermes,Plantae,"Alnus incana (L.) Moench, 1794",9148577,2712,Alnus incana,Alnus incana,
81856,Angiospermes,Plantae,"Althaea officinalis L., 1753",3152520,3003,Althaea officinalis,Althaea officinalis,
82018,Angiospermes,Plantae,"Amaranthus retroflexus L., 1753",6109534,3134,Amaranthus retroflexus,Amaranthus retroflexus,
82080,Angiospermes,Plantae,"Ambrosia artemisiifolia L., 1753",8002952,3157,Ambrosia artemisiifolia,not_found,
82130,Angiospermes,Plantae,"Ammi majus L., 1753",3034182,3210,Ammi majus,Ammi majus,
82391,Angiospermes,Plantae,"Anchusa officinalis L., 1753",5341201,3462,Anchusa officinalis,Anchusa officinalis,
82637,Angiospermes,Plantae,"Anemone nemorosa L., 1753",3033263,3691,Anemonoides nemorosa,Anemone nemorosa,
82656,Angiospermes,Plantae,"Anemone ranunculoides L., 1753",3033266,3701,Anemonoides ranunculoides,not_found,
82738,Angiospermes,Plantae,"Angelica sylvestris L., 1753",5371818,3738,Angelica sylvestris,Angelica sylvestris,
82796,Angiospermes,Plantae,"Antennaria dioica (L.) Gaertn., 1791",5385604,3925,Antennaria dioica,Antennaria dioica,
82922,Angiospermes,Plantae,"Anthoxanthum odoratum L., 1753",2705975,4036,Anthoxanthum odoratum,Anthoxanthum odoratum,
82952,Angiospermes,Plantae,"Anthriscus sylvestris (L.) Hoffm., 1814",5371742,4045,Anthriscus sylvestris,Anthriscus sylvestris,
82999,Angiospermes,Plantae,"Anthyllis vulneraria L., 1753",5352367,4072,Anthyllis vulneraria,Anthyllis vulneraria,
83058,Angiospermes,Plantae,"Antirrhinum majus L., 1753",3172001,4128,Antirrhinum majus,Antirrhinum majus,
83195,Angiospermes,Plantae,"Apium graveolens L., 1753",5371879,4210,Apium graveolens,Apium graveolens,
83267,Angiospermes,Plantae,"Aquilegia vulgaris L., 1753",3033191,4337,Aquilegia vulgaris,Aquilegia vulgaris,
83481,Angiospermes,Plantae,"Arbutus unedo L., 1753",2882803,4447,Arbutus unedo,Arbutus unedo,
83499,Angiospermes,Plantae,"Arctium lappa L., 1753",7353729,4489,Arctium lappa,Arctium lappa,
83502,Angiospermes,Plantae,"Arctium minus (Hill) Bernh., 1800",5393103,4491,Arctium minus,Arctium minus,
83653,Angiospermes,Plantae,"Arenaria serpyllifolia L., 1753",8089871,4614,Arenaria serpyllifolia,Arenaria serpyllifolia,
117874,Angiospermes,Plantae,"Roemeria argemone (L.) C.Morales, R.Mend. & Romero García, 1988",2888485,4634,Argemone mexicana,Argemone mexicana,
83714,Angiospermes,Plantae,"Argentina anserina (L.) Rydb., 1899",5367246,64234,Argentina anserina,not_found,
83777,Angiospermes,Plantae,"Aristolochia clematitis L., 1753",2873991,75335,Aristolochia clematitis,Aristolochia clematitis,
83793,Angiospermes,Plantae,"Aristolochia rotunda L., 1753",2874019,5060,Aristolochia rotunda,Aristolochia rotunda,
83832,Angiospermes,Plantae,"Armeria maritima (Mill.) Willd., 1809",8930531,5085,Armeria maritima,Armeria maritima,
83866,Angiospermes,Plantae,"Armoracia rusticana G.Gaertn., B.Mey. & Scherb., 1800",3041022,5093,Armoracia rusticana,Armoracia rusticana,
83874,Angiospermes,Plantae,"Arnica montana L., 1753",5405976,5104,Arnica montana,Arnica montana,
83912,Angiospermes,Plantae,"Arrhenatherum elatius (L.) P.Beauv. ex J.Presl & C.Presl, 1819",2704505,5134,Arrhenatherum elatius,not_found,
83933,Angiospermes,Plantae,"Artemisia absinthium L., 1753",3121319,5155,Artemisia absinthium,Artemisia absinthium,
83938,Angiospermes,Plantae,"Artemisia annua L., 1753",8373355,5160,Artemisia annua,Artemisia annua,
83973,Angiospermes,Plantae,"Artemisia genipi Weber, 1775",7511951,5188,Artemisia genipi,not_found,
83974,Angiospermes,Plantae,"Artemisia glacialis L., 1763",8102092,75422,Artemisia glacialis,Artemisia glacialis,
84003,Angiospermes,Plantae,"Artemisia maritima L., 1753",3121650,5209,Artemisia maritima,Artemisia maritima,
84053,Angiospermes,Plantae,"Artemisia umbelliformis Lam., 1783",8981321,5253,Artemisia umbelliformis,Artemisia umbelliformis,
84053,Angiospermes,Plantae,"Artemisia umbelliformis Lam., 1783",8981321,5253,Artemisia umbelliformis,Artemisia umbelliformis,
84061,Angiospermes,Plantae,"Artemisia vulgaris L., 1753",3120946,5257,Artemisia vulgaris,Artemisia vulgaris,
84110,Angiospermes,Plantae,"Arum italicum Mill., 1768",5330661,5392,Arum italicum,not_found,
84112,Angiospermes,Plantae,"Arum maculatum L., 1753",5330580,5393,Arum maculatum,Arum maculatum,
84135,Angiospermes,Plantae,"Aruncus dioicus (Walter) Fernald, 1939",5362136,5395,Aruncus dioicus,Aruncus dioicus,
84173,Angiospermes,Plantae,"Arundo donax L., 1753",2703041,5471,Arundo donax,Arundo donax,
84195,Angiospermes,Plantae,"Arundo micrantha Lam., 1791",4110789,407006,not_found,not_found,
84230,Angiospermes,Plantae,"Asarum europaeum L., 1753",7313595,5485,Asarum europaeum,Asarum europaeum,
84251,Angiospermes,Plantae,"Asclepias syriaca L., 1753",3170247,5512,Asclepias syriaca,Asclepias syriaca,
84279,Angiospermes,Plantae,"Asparagus officinalis L., 1753",2768885,5540,Asparagus officinalis,Asparagus officinalis,
84306,Angiospermes,Plantae,"Asperula cynanchica L., 1753",12225742,5558,not_found,Asperula cynanchica,
84330,Angiospermes,Plantae,"Asperula tinctoria L., 1753",2916767,5570,Asperula tinctoria,Asperula tinctoria,
84338,Angiospermes,Plantae,"Asphodelus albus Mill., 1768",2778457,5575,Asphodelus albus,Asphodelus albus,
84936,Angiospermes,Plantae,"Astrantia major L., 1753",3034915,5917,Astrantia major,Astrantia major,
85502,Angiospermes,Plantae,"Ballota nigra L., 1753",2926894,6666,Ballota nigra,Ballota nigra,
761965,Angiospermes,Plantae,"Barbarea vulgaris W.T.Aiton, 1812",5708780,6903,Barbarea vulgaris,Barbarea vulgaris,
85740,Angiospermes,Plantae,"Bellis perennis L., 1753",3117424,7173,Bellis perennis,Bellis perennis,
85774,Angiospermes,Plantae,"Berberis vulgaris L., 1753",3033894,7230,Berberis vulgaris,Berberis vulgaris,
85820,Angiospermes,Plantae,"Beta vulgaris L., 1753",8971274,7314,Beta vulgaris,not_found,
85903,Angiospermes,Plantae,"Betula pendula Roth, 1788",5331916,7356,Betula pendula,Betula pendula,
85904,Angiospermes,Plantae,"Betula pubescens Ehrh., 1791",9118014,7359,Betula pubescens,Betula pubescens,
85972,Angiospermes,Plantae,"Bidens pilosa L., 1753",5391845,7402,Bidens pilosa,Bidens pilosa,
86081,Angiospermes,Plantae,"Bistorta officinalis Delarbre, 1800",6390806,7471,Bistorta officinalis,not_found,
86087,Angiospermes,Plantae,"Blackstonia perfoliata (L.) Huds., 1762",6366886,7485,not_found,Blackstonia perfoliata,
994837,Angiospermes,Plantae,"Blitum bonus-henricus (L.) Rchb., 1832",8044896,408597,Blitum bonus-henricus,not_found,
86156,Angiospermes,Plantae,"Borago officinalis L., 1753",2926110,7725,Borago officinalis,Borago officinalis,
86490,Angiospermes,Plantae,"Briza media L., 1753",2702789,8361,Briza media,not_found,
86890,Angiospermes,Plantae,"Buglossoides arvensis (L.) I.M.Johnst., 1954",2925901,8778,Buglossoides arvensis,Buglossoides arvensis,
86969,Angiospermes,Plantae,"Bunias erucago L., 1753",3050357,8865,not_found,not_found,
87044,Angiospermes,Plantae,"Bupleurum falcatum L., 1753",6027105,8878,Bupleurum falcatum,Bupleurum falcatum,
87143,Angiospermes,Plantae,"Buxus sempervirens L., 1753",2984671,8964,Buxus sempervirens,Buxus sempervirens,
87420,Angiospermes,Plantae,"Calendula arvensis L., 1763",9182765,9482,Calendula arvensis,Calendula arvensis,
87501,Angiospermes,Plantae,"Calluna vulgaris (L.) Hull, 1808",2882482,9621,Calluna vulgaris,Calluna vulgaris,
87540,Angiospermes,Plantae,"Caltha palustris L., 1753",5371685,9768,Caltha palustris,Caltha palustris,
87690,Angiospermes,Plantae,"Campanula patula L., 1753",5410564,9957,not_found,not_found,
87712,Angiospermes,Plantae,"Campanula rapunculus L., 1753",5411920,9968,Campanula rapunculus,Campanula rapunculus,
87720,Angiospermes,Plantae,"Campanula rotundifolia L., 1753",5410907,9970,Campanula rotundifolia,not_found,
87742,Angiospermes,Plantae,"Campanula trachelium L., 1753",5412014,9980,Campanula trachelium,not_found,
87964,Angiospermes,Plantae,"Cardamine pratensis L., 1753",7972010,10304,Cardamine pratensis,Cardamine pratensis,
89147,Angiospermes,Plantae,"Carlina acaulis L., 1753",3105433,10746,Carlina acaulis,Carlina acaulis,
89180,Angiospermes,Plantae,"Carlina vulgaris L., 1753",3105380,10752,Carlina vulgaris,Carlina vulgaris,
89200,Angiospermes,Plantae,"Carpinus betulus L., 1753",2875818,10773,Carpinus betulus,Carpinus betulus,
89232,Angiospermes,Plantae,"Carthamus lanatus L., 1753",3138230,10811,Carthamus lanatus,not_found,
89250,Angiospermes,Plantae,"Carum carvi L., 1753",3034714,10820,Carum carvi,Carum carvi,
89304,Angiospermes,Plantae,"Castanea sativa Mill., 1768",5333294,11068,Castanea sativa,Castanea sativa,
89468,Angiospermes,Plantae,"Celtis australis L., 1753",2984492,11471,Celtis australis,Celtis australis,
89531,Angiospermes,Plantae,"Centaurea benedicta (L.) L., 1763",3127691,212628,Centaurea benedicta,not_found,
89542,Angiospermes,Plantae,"Centaurea calcitrapa L., 1753",3128483,11563,Centaurea calcitrapa,Centaurea calcitrapa,
89619,Angiospermes,Plantae,"Centaurea jacea L., 1753",3128547,11583,Centaurea jacea,Centaurea jacea,
89653,Angiospermes,Plantae,"Centaurea nigra L., 1753",3128225,11598,Centaurea nigra,Centaurea nigra,
89840,Angiospermes,Plantae,"Centaurium erythraea Rafn, 1800",5414457,11635,Centaurium erythraea,Centaurium erythraea,
89888,Angiospermes,Plantae,"Centranthus ruber (L.) DC., 1805",2888740,11669,Valeriana rubra,Centranthus ruber,
447038,Angiospermes,Plantae,"Ceratonia siliqua L., 1753",5356354,11825,Ceratonia siliqua,Ceratonia siliqua,
90234,Angiospermes,Plantae,"Cercis siliquastrum L., 1753",5353590,11857,Cercis siliquastrum,Cercis siliquastrum,
90470,Angiospermes,Plantae,"Chamaemelum nobile (L.) All., 1785",5391599,12048,Chamaemelum nobile,Chamaemelum nobile,
90669,Angiospermes,Plantae,"Chelidonium majus L., 1753",5334186,12151,Chelidonium majus,Chelidonium majus,
90681,Angiospermes,Plantae,"Chenopodium album L., 1753",3083838,12159,Chenopodium album,Chenopodium album,
90836,Angiospermes,Plantae,"Chenopodium vulvaria L., 1753",3083932,12245,Chenopodium vulvaria,Chenopodium vulvaria,
717139,Angiospermes,Plantae,"Chiliadenus glutinosus (L.) Fourr., 1869",3089839,213567,Chiliadenus glutinosus,not_found,
90954,Angiospermes,Plantae,"Chondrilla juncea L., 1753",8537667,12534,not_found,Chondrilla juncea,
91169,Angiospermes,Plantae,"Cichorium intybus L., 1753",5392252,12917,Cichorium intybus,Cichorium intybus,
91199,Angiospermes,Plantae,"Cicuta virosa L., 1753",5371864,12925,Cicuta virosa,Cicuta virosa,
621080,Angiospermes,Plantae,"Cirsium acaulon (L.) Scop., 1769",3112694,13011,not_found,Cirsium acaulon,
91289,Angiospermes,Plantae,"Cirsium arvense (L.) Scop., 1772",3113414,13016,Cirsium arvense,Cirsium arvense,
91410,Angiospermes,Plantae,"Cirsium spinosissimum (L.) Scop., 1769",8322056,13065,not_found,not_found,
91680,Angiospermes,Plantae,"Cistus ladanifer L., 1753",6437976,13144,Cistus ladanifer,Cistus ladanifer,
91880,Angiospermes,Plantae,"Clematis recta L., 1753",3033543,13401,Clematis recta,Clematis recta,
91886,Angiospermes,Plantae,"Clematis vitalba L., 1753",3033558,13413,Clematis vitalba,Clematis vitalba,
91904,Angiospermes,Plantae,"Clinopodium grandiflorum (L.) Kuntze, 1891",7437438,72497,not_found,not_found,
91910,Angiospermes,Plantae,"Clinopodium nepeta (L.) Kuntze, 1891",8916040,79111,Clinopodium nepeta,not_found,
91910,Angiospermes,Plantae,"Clinopodium nepeta (L.) Kuntze, 1891",8916040,79111,Clinopodium nepeta,not_found,
91912,Angiospermes,Plantae,"Clinopodium vulgare L., 1753",2926945,13561,Clinopodium vulgare,Clinopodium vulgare,
92052,Angiospermes,Plantae,"Cochlearia officinalis L., 1753",5373276,13722,Cochlearia officinalis,Cochlearia officinalis,
92127,Angiospermes,Plantae,"Colchicum autumnale L., 1753",2739622,13878,Colchicum autumnale,Colchicum autumnale,
92196,Angiospermes,Plantae,"Colutea arborescens L., 1753",7844167,13980,Colutea arborescens,Colutea arborescens,
92237,Angiospermes,Plantae,"Conium maculatum L., 1753",3034807,14183,Conium maculatum,Conium maculatum,
92282,Angiospermes,Plantae,"Convallaria majalis L., 1753",7459480,14240,Convallaria majalis,Convallaria majalis,
92302,Angiospermes,Plantae,"Convolvulus arvensis L., 1753",2928390,14244,Convolvulus arvensis,Convolvulus arvensis,
92467,Angiospermes,Plantae,"Coriaria myrtifolia L., 1753",3701787,14515,Coriaria myrtifolia,Coriaria myrtifolia,
92497,Angiospermes,Plantae,"Cornus mas L., 1753",3082263,14580,Cornus mas,Cornus mas,
92501,Angiospermes,Plantae,"Cornus sanguinea L., 1753",3082234,14595,Cornus sanguinea,Cornus sanguinea,
92606,Angiospermes,Plantae,"Corylus avellana L., 1753",2875979,14688,Corylus avellana,Corylus avellana,
92631,Angiospermes,Plantae,"Cotinus coggygria Scop., 1771",3190522,14789,Cotinus coggygria,Cotinus coggygria,
92824,Angiospermes,Plantae,"Crataegus azarolus L., 1753",3013739,15060,Crataegus azarolus,Crataegus azarolus,
92864,Angiospermes,Plantae,"Crataegus laevigata (Poir.) DC., 1825",8252683,15080,Crataegus laevigata,Crataegus laevigata,
92876,Angiospermes,Plantae,"Crataegus monogyna Jacq., 1775",9220780,15090,Crataegus monogyna,Crataegus monogyna,
93045,Angiospermes,Plantae,"Crepis foetida L., 1753",5403470,15177,not_found,not_found,
93129,Angiospermes,Plantae,"Crepis sancta (L.) Bornm., 1913",5403605,15197,not_found,not_found,
93157,Angiospermes,Plantae,"Crepis vesicaria L., 1753",5403709,15206,Crepis vesicaria,not_found,
93190,Angiospermes,Plantae,"Crithmum maritimum L., 1753",3632234,15227,Crithmum maritimum,Crithmum maritimum,
93308,Angiospermes,Plantae,"Cruciata laevipes Opiz, 1852",5338920,15613,Cruciata laevipes,Cruciata laevipes,
93621,Angiospermes,Plantae,"Cuscuta epithymum (L.) L., 1774",2927518,15970,Cuscuta epithymum,Cuscuta epithymum,
93623,Angiospermes,Plantae,"Cuscuta europaea L., 1753",2927493,15971,Cuscuta europaea,not_found,
93673,Angiospermes,Plantae,"Cyanus montanus (L.) Hill, 1768",9023462,218825,Centaurea montana,Centaurea montana,
93708,Angiospermes,Plantae,"Cyclamen purpurascens Mill., 1768",3169315,16117,Cyclamen purpurascens,not_found,
93803,Angiospermes,Plantae,"Cynodon dactylon (L.) Pers., 1805",6109637,16277,Cynodon dactylon,Cynodon dactylon,
93840,Angiospermes,Plantae,"Cynoglossum officinale L., 1753",2925815,16302,Cynoglossum officinale,Cynoglossum officinale,
93967,Angiospermes,Plantae,"Cyperus longus L., 1753",8243603,16416,Cyperus longus,Cyperus longus,
94011,Angiospermes,Plantae,"Cyperus rotundus L., 1753",2714818,16443,Cyperus rotundus,Cyperus rotundus,
94164,Angiospermes,Plantae,"Cytisus scoparius (L.) Link, 1822",5354656,16641,Cytisus scoparius,Cytisus scoparius,
94207,Angiospermes,Plantae,"Dactylis glomerata L., 1753",2705308,16700,Dactylis glomerata,Dactylis glomerata,
94266,Angiospermes,Plantae,"Dactylorhiza maculata (L.) Soó, 1962",8179794,16729,Dactylorhiza maculata,Dactylorhiza maculata,
94427,Angiospermes,Plantae,"Daphne gnidium L., 1753",7311306,16954,Daphne gnidium,Daphne gnidium,
94432,Angiospermes,Plantae,"Daphne laureola L., 1753",5420853,16958,Daphne laureola,Daphne laureola,
94435,Angiospermes,Plantae,"Daphne mezereum L., 1753",5420852,16960,Daphne mezereum,Daphne mezereum,
94489,Angiospermes,Plantae,"Datura stramonium L., 1753",2928751,17034,Datura stramonium,Datura stramonium,
94503,Angiospermes,Plantae,"Daucus carota L., 1753",3034742,17041,Daucus carota,Daucus carota,
94572,Angiospermes,Plantae,"Delphinium consolida L., 1753",3033836,419739,Delphinium consolida,not_found,
94590,Angiospermes,Plantae,"Delphinium montanum DC., 1815",8292009,17171,not_found,not_found,
94626,Angiospermes,Plantae,"Deschampsia cespitosa (L.) P.Beauv., 1812",8059811,17365,Deschampsia cespitosa,not_found,
94645,Angiospermes,Plantae,"Descurainia sophia (L.) Webb ex Prantl, 1891",3044318,17412,Descurainia sophia,Descurainia sophia,
94716,Angiospermes,Plantae,"Dianthus carthusianorum L., 1753",8400876,17587,Dianthus carthusianorum,not_found,
94923,Angiospermes,Plantae,"Dictamnus albus L., 1753",5421338,17797,Dictamnus albus,Dictamnus albus,
94945,Angiospermes,Plantae,"Digitalis lutea L., 1753",5414990,17862,Digitalis lutea,Digitalis lutea,
94959,Angiospermes,Plantae,"Digitalis purpurea L., 1753",5414995,17868,Digitalis purpurea,Digitalis purpurea,
611652,Angiospermes,Plantae,"Dioscorea communis (L.) Caddick & Wilkin, 2002",2755063,81266,Dioscorea communis,not_found,
95136,Angiospermes,Plantae,"Diplotaxis tenuifolia (L.) DC., 1821",5376426,18714,Diplotaxis tenuifolia,Diplotaxis tenuifolia,
95186,Angiospermes,Plantae,"Dittrichia graveolens (L.) Greuter, 1973",3101193,18990,Dittrichia graveolens,not_found,
95187,Angiospermes,Plantae,"Dittrichia viscosa (L.) Greuter, 1973",3101184,18991,Dittrichia viscosa,Dittrichia viscosa,
95239,Angiospermes,Plantae,"Doronicum pardalianches L., 1753",3142951,19154,Doronicum pardalianches,Doronicum pardalianches,
95425,Angiospermes,Plantae,"Dracunculus vulgaris Schott, 1832",5330001,81745,Dracunculus vulgaris,not_found,
95438,Angiospermes,Plantae,"Drosera intermedia Hayne, 1798",3191157,19339,Drosera intermedia,not_found,
95442,Angiospermes,Plantae,"Drosera rotundifolia L., 1753",3191030,19347,Drosera rotundifolia,Drosera rotundifolia,
95461,Angiospermes,Plantae,"Dryas octopetala L., 1753",4889932,19375,Dryas octopetala,Dryas octopetala,
611753,Angiospermes,Plantae,"Dysphania ambrosioides (L.) Mosyakin & Clemants, 2002",5568446,81989,Dysphania ambrosioides,not_found,
611755,Angiospermes,Plantae,"Dysphania botrys (L.) Mosyakin & Clemants, 2002",5568428,222365,Dysphania botrys,not_found,
95662,Angiospermes,Plantae,"Ecballium elaterium (L.) A.Rich., 1824",2874680,19692,Ecballium elaterium,Ecballium elaterium,
95793,Angiospermes,Plantae,"Echium vulgare L., 1753",2925892,19822,Echium vulgare,Echium vulgare,
95806,Angiospermes,Plantae,"Eclipta prostrata (L.) L., 1771",5384950,19825,Eclipta prostrata,Eclipta prostrata,
90483,Angiospermes,Plantae,"Chamaenerion angustifolium (L.) Scop., 1771",6428353,20801,Epilobium angustifolium,Epilobium angustifolium,
1019304,Angiospermes,Plantae,"Chamaenerion dodonaei (Vill.) Schur, 1853",3666422,20824,not_found,not_found,
96180,Angiospermes,Plantae,"Epilobium hirsutum L., 1753",3189172,20845,Epilobium hirsutum,Epilobium hirsutum,
96208,Angiospermes,Plantae,"Epilobium montanum L., 1753",3664083,20863,not_found,not_found,
96226,Angiospermes,Plantae,"Epilobium palustre L., 1753",3189080,20875,Epilobium palustre,not_found,
96229,Angiospermes,Plantae,"Epilobium parviflorum Schreb., 1771",3189157,20877,Epilobium parviflorum,Epilobium parviflorum,
96251,Angiospermes,Plantae,"Epilobium roseum Schreb., 1771",3666800,20885,Epilobium roseum,not_found,
96271,Angiospermes,Plantae,"Epilobium tetragonum L., 1753",7322563,20893,Epilobium tetragonum,not_found,
96664,Angiospermes,Plantae,"Erica carnea L., 1753 [nom. cons.]",5682465,21551,Erica carnea,not_found,
96665,Angiospermes,Plantae,"Erica ciliaris L., 1753",5682320,21554,Erica ciliaris,not_found,
96667,Angiospermes,Plantae,"Erica cinerea L., 1753",5333411,21555,Erica cinerea,not_found,
96691,Angiospermes,Plantae,"Erica scoparia L., 1753",7946667,21596,Erica scoparia,not_found,
96698,Angiospermes,Plantae,"Erica vagans L., 1770 [nom. et typ. cons.]",5333408,21609,not_found,Erica vagans,
611688,Angiospermes,Plantae,"Erigeron acris L., 1753",3147080,21625,Erigeron acris,not_found,
96749,Angiospermes,Plantae,"Erigeron canadensis L., 1753",3146791,21638,Erigeron canadensis,not_found,
96895,Angiospermes,Plantae,"Erodium cicutarium (L.) L'Hér., 1789",9485490,21900,Erodium cicutarium,Erodium cicutarium,
97141,Angiospermes,Plantae,"Eryngium campestre L., 1753",3034426,21961,Eryngium campestre,Eryngium campestre,
609982,Angiospermes,Plantae,"Euonymus europaeus L., 1753",3169131,23260,Euonymus europaeus,Euonymus europaeus,
97434,Angiospermes,Plantae,"Eupatorium cannabinum L., 1753",5402943,23289,Eupatorium cannabinum,Eupatorium cannabinum,
97452,Angiospermes,Plantae,"Euphorbia amygdaloides L., 1753",3065239,23331,Euphorbia amygdaloides,not_found,
97490,Angiospermes,Plantae,"Euphorbia cyparissias L., 1753",3070106,23387,Euphorbia cyparissias,not_found,
97537,Angiospermes,Plantae,"Euphorbia helioscopia L., 1753",3066367,23444,Euphorbia helioscopia,Euphorbia helioscopia,
97556,Angiospermes,Plantae,"Euphorbia lathyris L., 1753",3066965,23476,Euphorbia lathyris,Euphorbia lathyris,
97601,Angiospermes,Plantae,"Euphorbia palustris L., 1753",3064056,23527,Euphorbia palustris,not_found,
97776,Angiospermes,Plantae,"Euphrasia nemorosa (Pers.) Wallr., 1815",3171964,23657,not_found,not_found,
97781,Angiospermes,Plantae,"Euphrasia officinalis L., 1753",8106874,23658,Euphrasia officinalis,Euphrasia officinalis,
97947,Angiospermes,Plantae,"Fagus sylvatica L., 1753",2882316,23906,Fagus sylvatica,Fagus sylvatica,
98020,Angiospermes,Plantae,"Ferula communis L., 1753",8048981,24101,Ferula communis,Ferula communis,
98651,Angiospermes,Plantae,"Ficaria verna Huds., 1762",9094061,83492,Ranunculus ficaria,not_found,
98653,Angiospermes,Plantae,"Ficus carica L., 1753",5361909,24783,Ficus carica,Ficus carica,
98717,Angiospermes,Plantae,"Filipendula ulmaria (L.) Maxim., 1879",2987999,24995,Filipendula ulmaria,Filipendula ulmaria,
98718,Angiospermes,Plantae,"Filipendula vulgaris Moench, 1794",2988069,24996,Filipendula vulgaris,Filipendula vulgaris,
98756,Angiospermes,Plantae,"Foeniculum vulgare Mill., 1768",3034922,25139,Foeniculum vulgare,Foeniculum vulgare,
98865,Angiospermes,Plantae,"Fragaria vesca L., 1753",3029817,25213,Fragaria vesca,Fragaria vesca,
98887,Angiospermes,Plantae,"Frangula alnus Mill., 1768",3039454,25217,Frangula alnus,not_found,
98910,Angiospermes,Plantae,"Fraxinus angustifolia Vahl, 1804 [nom. cons.]",7325877,25240,Fraxinus angustifolia,Fraxinus angustifolia,
98921,Angiospermes,Plantae,"Fraxinus excelsior L., 1753",3172358,25247,Fraxinus excelsior,Fraxinus excelsior,
98933,Angiospermes,Plantae,"Fraxinus ornus L., 1753",3172347,25258,Fraxinus ornus,Fraxinus ornus,
98977,Angiospermes,Plantae,"Fritillaria meleagris L., 1753",5300535,25308,Fritillaria meleagris,Fritillaria meleagris,
99108,Angiospermes,Plantae,"Fumaria officinalis L., 1753",5334217,25355,Fumaria officinalis,Fumaria officinalis,
99233,Angiospermes,Plantae,"Galanthus nivalis L., 1753",2855356,25438,Galanthus nivalis,Galanthus nivalis,
99244,Angiospermes,Plantae,"Galatella linosyris (L.) Rchb.f., 1854",3091677,229224,not_found,not_found,
610594,Angiospermes,Plantae,"Galatella sedifolia (L.) Greuter, 2003",3091620,83858,Galatella sedifolia,not_found,
99260,Angiospermes,Plantae,"Galega officinalis L., 1753",2975667,25451,Galega officinalis,Galega officinalis,
99305,Angiospermes,Plantae,"Galeopsis ladanum L., 1753",5341309,25469,Galeopsis ladanum,Galeopsis ladanum,
99329,Angiospermes,Plantae,"Galeopsis segetum Neck., 1770",5341308,25471,Galeopsis segetum,Galeopsis segetum,
99334,Angiospermes,Plantae,"Galeopsis tetrahit L., 1753",5341300,25473,Galeopsis tetrahit,Galeopsis tetrahit,
99358,Angiospermes,Plantae,"Galinsoga parviflora Cav., 1795",3132570,25477,Galinsoga parviflora,Galinsoga parviflora,
99366,Angiospermes,Plantae,"Galium album Mill., 1768",2913931,25483,Galium album,not_found,
99373,Angiospermes,Plantae,"Galium aparine L., 1753",2913548,25487,Galium aparine,Galium aparine,
99473,Angiospermes,Plantae,"Galium mollugo L., 1753",9039392,25526,Galium mollugo,Galium mollugo,
99488,Angiospermes,Plantae,"Galium odoratum (L.) Scop., 1771",2914642,25533,Galium odoratum,Galium odoratum,
99494,Angiospermes,Plantae,"Galium palustre L., 1753",2913130,25535,Galium palustre,not_found,
99582,Angiospermes,Plantae,"Galium verum L., 1753",9063248,25573,Galium verum,Galium verum,
99721,Angiospermes,Plantae,"Genista anglica L., 1753",5347644,25891,not_found,not_found,
99735,Angiospermes,Plantae,"Genista cinerea (Vill.) DC., 1805",5347718,25896,not_found,not_found,
99815,Angiospermes,Plantae,"Genista scorpius (L.) DC., 1805",5347727,25917,Genista scorpius,not_found,
99828,Angiospermes,Plantae,"Genista tinctoria L., 1753",5347612,25923,Genista tinctoria,Genista tinctoria,
99854,Angiospermes,Plantae,"Gentiana acaulis L., 1753",6366597,25944,Gentiana acaulis,Gentiana acaulis,
99881,Angiospermes,Plantae,"Gentiana cruciata L., 1753",3170115,25956,Gentiana cruciata,Gentiana cruciata,
99903,Angiospermes,Plantae,"Gentiana lutea L., 1753",3170040,25970,Gentiana lutea,Gentiana lutea,
99922,Angiospermes,Plantae,"Gentiana pneumonanthe L., 1753",7270598,25978,Gentiana pneumonanthe,Gentiana pneumonanthe,
99929,Angiospermes,Plantae,"Gentiana purpurea L., 1753",8207244,25984,Gentiana purpurea,Gentiana purpurea,
99953,Angiospermes,Plantae,"Gentiana verna L., 1753",8232412,25997,not_found,not_found,
100142,Angiospermes,Plantae,"Geranium robertianum L., 1753",2890668,26089,Geranium robertianum,Geranium robertianum,
100144,Angiospermes,Plantae,"Geranium rotundifolium L., 1753",2891031,26090,Geranium rotundifolium,Geranium rotundifolium,
100149,Angiospermes,Plantae,"Geranium sanguineum L., 1753",2890920,26092,Geranium sanguineum,not_found,
100208,Angiospermes,Plantae,"Geum montanum L., 1753",5369806,26140,not_found,not_found,
100215,Angiospermes,Plantae,"Geum rivale L., 1753",5369701,26145,Geum rivale,Geum rivale,
100225,Angiospermes,Plantae,"Geum urbanum L., 1753",5369652,26152,Geum urbanum,Geum urbanum,
100310,Angiospermes,Plantae,"Glechoma hederacea L., 1753",2926557,26336,Glechoma hederacea,Glechoma hederacea,
100335,Angiospermes,Plantae,"Globularia alypum L., 1753",7703240,26381,Globularia alypum,not_found,
100576,Angiospermes,Plantae,"Gratiola officinalis L., 1753",3171915,26836,Gratiola officinalis,Gratiola officinalis,
100613,Angiospermes,Plantae,"Gymnadenia nigra (L.) Rchb.f., 1856",2840590,232102,Gymnadenia nigra,not_found,
100787,Angiospermes,Plantae,"Hedera helix L., 1753",8351737,27988,Hedera helix,Hedera helix,
100956,Angiospermes,Plantae,"Helianthemum nummularium (L.) Mill., 1768",8890062,28112,Helianthemum nummularium,Helianthemum nummularium,
101080,Angiospermes,Plantae,"Helichrysum italicum (Roth) G.Don, 1830",3131614,28175,Helichrysum italicum,Helichrysum italicum,
101101,Angiospermes,Plantae,"Helichrysum stoechas (L.) Moench, 1794",3131494,28185,Helichrysum stoechas,Helichrysum stoechas,
101144,Angiospermes,Plantae,"Heliotropium europaeum L., 1753",2925767,28353,Heliotropium europaeum,not_found,
101188,Angiospermes,Plantae,"Helleborus foetidus L., 1753",6375040,28383,Helleborus foetidus,Helleborus foetidus,
101202,Angiospermes,Plantae,"Helleborus viridis L., 1753",3033108,28387,Helleborus viridis,Helleborus viridis,
101300,Angiospermes,Plantae,"Heracleum sphondylium L., 1753",3034830,28473,Heracleum sphondylium,Heracleum sphondylium,
101405,Angiospermes,Plantae,"Herniaria cinerea DC., 1815",3593900,28561,not_found,not_found,
101411,Angiospermes,Plantae,"Herniaria glabra L., 1753",3085798,28562,Herniaria glabra,Herniaria glabra,
101412,Angiospermes,Plantae,"Herniaria hirsuta L., 1753",3085797,28563,Herniaria hirsuta,Herniaria hirsuta,
101460,Angiospermes,Plantae,"Hesperis matronalis L., 1753",3042291,28585,Hesperis matronalis,Hesperis matronalis,
102235,Angiospermes,Plantae,"Hieracium murorum L., 1753",8605056,28985,Hieracium murorum,not_found,
102671,Angiospermes,Plantae,"Hieracium umbellatum L., 1753",3135329,29079,Hieracium umbellatum,Hieracium umbellatum,
102863,Angiospermes,Plantae,"Hippophae rhamnoides L., 1753",3039285,29221,Hippophae rhamnoides,Hippophae rhamnoides,
103031,Angiospermes,Plantae,"Humulus lupulus L., 1753",2984535,29681,Humulus lupulus,Humulus lupulus,
103162,Angiospermes,Plantae,"Hylotelephium telephium (L.) H.Ohba, 1977",2985865,430714,Hylotelephium telephium,not_found,
103178,Angiospermes,Plantae,"Hyoscyamus albus L., 1753",2928979,29878,Hyoscyamus albus,Hyoscyamus albus,
103185,Angiospermes,Plantae,"Hyoscyamus niger L., 1753",2928978,29883,Hyoscyamus niger,Hyoscyamus niger,
103245,Angiospermes,Plantae,"Hypericum androsaemum L., 1753",3189525,29958,Hypericum androsaemum,Hypericum androsaemum,
103308,Angiospermes,Plantae,"Hypericum nummularium L., 1753",3713919,86573,not_found,not_found,
103316,Angiospermes,Plantae,"Hypericum perforatum L., 1753",3189486,30010,Hypericum perforatum,Hypericum perforatum,
103320,Angiospermes,Plantae,"Hypericum pulchrum L., 1753",3712747,30012,Hypericum pulchrum,not_found,
103329,Angiospermes,Plantae,"Hypericum tetrapterum Fr., 1823",6436469,30021,Hypericum tetrapterum,not_found,
103375,Angiospermes,Plantae,"Hypochaeris radicata L., 1753",3093702,30052,Hypochaeris radicata,not_found,
103406,Angiospermes,Plantae,"Hyssopus officinalis L., 1753",5341387,30135,Hyssopus officinalis,Hyssopus officinalis,
103514,Angiospermes,Plantae,"Ilex aquifolium L., 1753",5414222,30228,Ilex aquifolium,Ilex aquifolium,
445494,Angiospermes,Plantae,"Impatiens balsamina L., 1753",2891773,30376,Impatiens balsamina,Impatiens balsamina,
103578,Angiospermes,Plantae,"Imperatoria ostruthium L., 1753",5538108,86787,Peucedanum ostruthium,not_found,
103627,Angiospermes,Plantae,"Inula helenium L., 1753",3148340,30677,Inula helenium,Inula helenium,
103772,Angiospermes,Plantae,"Iris pseudacorus L., 1753",5298231,30870,Iris pseudacorus,Iris pseudacorus,
103817,Angiospermes,Plantae,"Isatis tinctoria L., 1753",5374118,31014,Isatis tinctoria,Isatis tinctoria,
103985,Angiospermes,Plantae,"Jacobaea adonidifolia (Loisel.) Mérat, 1812",5388631,235383,not_found,not_found,
610648,Angiospermes,Plantae,"Jacobaea alpina (L.) Moench, 1794",5388598,235384,not_found,not_found,
610642,Angiospermes,Plantae,"Jacobaea incana (L.) Veldkamp, 2006",5388625,235392,not_found,not_found,
610647,Angiospermes,Plantae,"Jacobaea leucophylla (DC.) Pelser, 2006",5388609,235395,not_found,not_found,
610643,Angiospermes,Plantae,"Jacobaea maritima (L.) Pelser & Meijden, 2005",5388595,235396,Jacobaea maritima,not_found,
610646,Angiospermes,Plantae,"Jacobaea vulgaris Gaertn., 1791",5388602,235402,Jacobaea vulgaris,not_found,
104173,Angiospermes,Plantae,"Juncus effusus L., 1753",2701311,31479,Juncus effusus,Juncus effusus,
104419,Angiospermes,Plantae,"Juniperus thurifera L., 1753",2684528,31595,Juniperus thurifera,not_found,
104502,Angiospermes,Plantae,"Kickxia elatine (L.) Dumort., 1827",3170819,31770,Kickxia elatine,Kickxia elatine,
104516,Angiospermes,Plantae,"Knautia arvensis (L.) Coult., 1828",2888808,31809,Knautia arvensis,Knautia arvensis,
104764,Angiospermes,Plantae,"Lactuca perennis L., 1753",3140574,32123,not_found,Lactuca perennis,
104775,Angiospermes,Plantae,"Lactuca serriola L., 1756",3140490,32132,Lactuca serriola,Lactuca serriola,
104786,Angiospermes,Plantae,"Lactuca viminea (L.) J.Presl & C.Presl, 1819",8625614,32138,Lactuca viminea,not_found,
104787,Angiospermes,Plantae,"Lactuca virosa L., 1753",3140346,32139,Lactuca virosa,Lactuca virosa,
104854,Angiospermes,Plantae,"Lamium album L., 1753",2926683,32229,Lamium album,Lamium album,
104855,Angiospermes,Plantae,"Lamium amplexicaule L., 1753",2926679,32230,Lamium amplexicaule,Lamium amplexicaule,
104876,Angiospermes,Plantae,"Lamium galeobdolon (L.) L., 1759",2927324,32235,Lamium galeobdolon,Lamium galeobdolon,
104889,Angiospermes,Plantae,"Lamium maculatum (L.) L., 1763",2926684,32240,Lamium maculatum,not_found,
104903,Angiospermes,Plantae,"Lamium purpureum L., 1753",2926682,32245,Lamium purpureum,Lamium purpureum,
105017,Angiospermes,Plantae,"Lapsana communis L., 1753",3134857,32357,Lapsana communis,not_found,
105211,Angiospermes,Plantae,"Lathyrus latifolius L., 1753",5356517,32484,Lathyrus latifolius,Lathyrus latifolius,
105266,Angiospermes,Plantae,"Lathyrus sylvestris L., 1753",5356623,32509,Lathyrus sylvestris,Lathyrus sylvestris,
105295,Angiospermes,Plantae,"Laurus nobilis L., 1753",3034015,32543,Laurus nobilis,Laurus nobilis,
105297,Angiospermes,Plantae,"Lavandula angustifolia Mill., 1768",2927305,32547,Lavandula angustifolia,Lavandula angustifolia,
105312,Angiospermes,Plantae,"Lavandula latifolia Medik., 1784",2927304,32551,Lavandula latifolia,Lavandula latifolia,
105321,Angiospermes,Plantae,"Lavandula stoechas L., 1753",2927303,32556,Lavandula stoechas,Lavandula stoechas,
105427,Angiospermes,Plantae,"Lemna gibba L., 1753",2867569,32702,Lemna gibba,not_found,
105431,Angiospermes,Plantae,"Lemna minor L., 1753",2867589,32703,Lemna minor,Lemna minor,
611031,Angiospermes,Plantae,"Leontopodium nivale (Ten.) A.L.P.Huet ex Hand.-Mazz., 1927",3140685,338513,Leontopodium nivale,not_found,
105621,Angiospermes,Plantae,"Lepidium draba L., 1753",5376961,32777,Lepidium draba,not_found,
105817,Angiospermes,Plantae,"Leucanthemum vulgare Lam., 1779",8848598,33153,Leucanthemum vulgare,Leucanthemum vulgare,
105966,Angiospermes,Plantae,"Ligustrum vulgare L., 1753",3172300,33431,Ligustrum vulgare,Ligustrum vulgare,
105979,Angiospermes,Plantae,"Lilium bulbiferum L., 1753",2753079,33434,Lilium bulbiferum,not_found,
105989,Angiospermes,Plantae,"Lilium martagon L., 1753",2753146,33444,Lilium martagon,Lilium martagon,
106213,Angiospermes,Plantae,"Linaria repens (L.) Mill., 1768",5415019,33543,not_found,Linaria vulgaris,
106234,Angiospermes,Plantae,"Linaria vulgaris Mill., 1768",5415020,33555,Linaria vulgaris,Linaria vulgaris,
106288,Angiospermes,Plantae,"Linum catharticum L., 1753",2873865,33635,Linum catharticum,Linum catharticum,
106396,Angiospermes,Plantae,"Lithospermum officinale L., 1753",2926086,33806,Lithospermum officinale,Lithospermum officinale,
106565,Angiospermes,Plantae,"Lonicera etrusca Santi, 1795",5334247,34128,Lonicera etrusca,not_found,
106574,Angiospermes,Plantae,"Lonicera nigra L., 1753",7768870,34148,not_found,not_found,
106581,Angiospermes,Plantae,"Lonicera periclymenum L., 1753",5334277,34153,Lonicera periclymenum,Lonicera periclymenum,
106595,Angiospermes,Plantae,"Lonicera xylosteum L., 1753",5334259,34168,Lonicera xylosteum,not_found,
106653,Angiospermes,Plantae,"Lotus corniculatus L., 1753",5357013,34249,Lotus corniculatus,Lotus corniculatus,
106965,Angiospermes,Plantae,"Lycium barbarum L., 1753",2928835,34544,Lycium barbarum,Lycium barbarum,
107038,Angiospermes,Plantae,"Lycopus europaeus L., 1753",5341478,34605,Lycopus europaeus,Lycopus europaeus,
107073,Angiospermes,Plantae,"Lysimachia nummularia L., 1753",3169379,34660,Lysimachia nummularia,Lysimachia nummularia,
107090,Angiospermes,Plantae,"Lysimachia vulgaris L., 1753",3169386,34666,Lysimachia vulgaris,Lysimachia vulgaris,
107117,Angiospermes,Plantae,"Lythrum salicaria L., 1753",3188736,34676,Lythrum salicaria,Lythrum salicaria,
107217,Angiospermes,Plantae,"Malus sylvestris (L.) Mill., 1768",3001509,35256,Malus sylvestris,Malus sylvestris,
107224,Angiospermes,Plantae,"Malva alcea L., 1753",3152365,35262,Malva alcea,Malva alcea,
107282,Angiospermes,Plantae,"Malva moschata L., 1753",3152379,35268,Malva moschata,Malva moschata,
107318,Angiospermes,Plantae,"Malva sylvestris L., 1753",3152374,35274,Malva sylvestris,Malva sylvestris,
107397,Angiospermes,Plantae,"Marrubium vulgare L., 1753",2927069,35556,Marrubium vulgare,Marrubium vulgare,
107440,Angiospermes,Plantae,"Matricaria chamomilla L., 1753",8370958,35671,Matricaria chamomilla,not_found,
107446,Angiospermes,Plantae,"Matricaria discoidea DC., 1838",3103791,35672,Matricaria discoidea,not_found,
107786,Angiospermes,Plantae,"Melampyrum arvense L., 1753",7331741,35984,Melampyrum arvense,not_found,
107992,Angiospermes,Plantae,"Melissa officinalis L., 1753",5341501,36165,Melissa officinalis,Melissa officinalis,
108003,Angiospermes,Plantae,"Melittis melissophyllum L., 1753",8105693,36167,Melittis melissophyllum,Melittis melissophyllum,
108027,Angiospermes,Plantae,"Mentha aquatica L., 1753",2927208,36265,Mentha aquatica,Mentha aquatica,
108029,Angiospermes,Plantae,"Mentha arvensis L., 1753",2927192,36266,Mentha arvensis,Mentha arvensis,
108103,Angiospermes,Plantae,"Mentha longifolia (L.) Huds., 1762",7510173,36274,Mentha longifolia,Mentha longifolia,
108138,Angiospermes,Plantae,"Mentha pulegium L., 1753",2927189,36277,Mentha pulegium,Mentha pulegium,
108168,Angiospermes,Plantae,"Mentha suaveolens Ehrh., 1792",2927190,36283,Mentha suaveolens,Mentha suaveolens,
108345,Angiospermes,Plantae,"Menyanthes trifoliata L., 1753",5341511,36302,Menyanthes trifoliata,Menyanthes trifoliata,
108351,Angiospermes,Plantae,"Mercurialis annua L., 1753",3062975,36306,Mercurialis annua,Mercurialis annua,
108361,Angiospermes,Plantae,"Mercurialis perennis L., 1753",3063016,36311,Mercurialis perennis,Mercurialis perennis,
108454,Angiospermes,Plantae,"Meum athamanticum Jacq., 1776",6026490,36414,Meum athamanticum,Meum athamanticum,
108996,Angiospermes,Plantae,"Myosotis arvensis (L.) Hill, 1764",5341170,37495,Myosotis arvensis,not_found,
109104,Angiospermes,Plantae,"Myosotis sylvatica Hoffm., 1791",5341175,37514,Myosotis sylvatica,not_found,
109130,Angiospermes,Plantae,"Myrica gale L., 1753",5414202,37586,Myrica gale,Myrica gale,
109161,Angiospermes,Plantae,"Myrrhis odorata (L.) Scop., 1771",3034681,37669,Myrrhis odorata,Myrrhis odorata,
109186,Angiospermes,Plantae,"Myrtus communis L., 1753",3180085,37705,Myrtus communis,Myrtus communis,
109291,Angiospermes,Plantae,"Narcissus poeticus L., 1753",2858581,37745,Narcissus poeticus,Narcissus poeticus,
109297,Angiospermes,Plantae,"Narcissus pseudonarcissus L., 1753",2858244,37746,Narcissus pseudonarcissus,Narcissus pseudonarcissus,
109422,Angiospermes,Plantae,"Nasturtium officinale W.T.Aiton, 1812",7701037,37768,Nasturtium officinale,Nasturtium officinale,
109506,Angiospermes,Plantae,"Neottia nidus-avis (L.) Rich., 1817",2816176,38028,not_found,not_found,
109620,Angiospermes,Plantae,"Nigella arvensis L., 1753",7278276,38225,Nigella arvensis,Nigella arvensis,
109625,Angiospermes,Plantae,"Nigella damascena L., 1753",5371702,38227,Nigella damascena,Nigella damascena,
109732,Angiospermes,Plantae,"Nuphar lutea (L.) Sm., 1809",7551339,38364,Nuphar lutea,Nuphar lutea,
109735,Angiospermes,Plantae,"Nuphar pumila (Timm) DC., 1821",6435002,38366,Nuphar pumila,Nuphar pumila,
109750,Angiospermes,Plantae,"Nymphaea alba L., 1753",2882437,38378,Nymphaea alba,Nymphaea alba,
109861,Angiospermes,Plantae,"Oenanthe aquatica (L.) Poir., 1798",5371888,38663,Oenanthe aquatica,Oenanthe aquatica,
109911,Angiospermes,Plantae,"Oenothera biennis L., 1753",3188924,38688,Oenothera biennis,Oenothera biennis,
110211,Angiospermes,Plantae,"Ononis natrix L., 1753",2977234,38988,not_found,not_found,
110236,Angiospermes,Plantae,"Ononis spinosa L., 1753 [nom. et typ. cons.]",2977149,38997,Ononis spinosa,Ononis spinosa,
110236,Angiospermes,Plantae,"Ononis spinosa L., 1753 [nom. et typ. cons.]",2977149,38997,Ononis spinosa,Ononis spinosa,
110244,Angiospermes,Plantae,"Onopordum acanthium L., 1753",3094900,39002,Onopordum acanthium,Onopordum acanthium,
110914,Angiospermes,Plantae,"Orchis mascula (L.) L., 1755",2849427,39152,Orchis mascula,Orchis mascula,
111289,Angiospermes,Plantae,"Origanum vulgare L., 1753",2926612,39210,Origanum vulgare,Origanum vulgare,
111391,Angiospermes,Plantae,"Ornithogalum umbellatum L., 1753",2773448,39286,Ornithogalum umbellatum,Ornithogalum umbellatum,
111771,Angiospermes,Plantae,"Orthilia secunda (L.) House, 1921",2888310,39339,Orthilia secunda,Orthilia secunda,
111859,Angiospermes,Plantae,"Oxalis acetosella L., 1753",8211958,39564,Oxalis acetosella,Oxalis acetosella,
717359,Angiospermes,Plantae,"Oxybasis glauca (L.) S.Fuentes, Uotila & Borsch, 2012",8290282,357761,Oxybasis glauca,Chenopodium glaucum,
111974,Angiospermes,Plantae,"Oxytropis campestris (L.) DC., 1802",5361536,39653,Oxytropis campestris,not_found,
112042,Angiospermes,Plantae,"Paeonia officinalis L., 1753",3083488,39795,Paeonia officinalis,Paeonia officinalis,
112061,Angiospermes,Plantae,"Paliurus spina-christi Mill., 1768",5372457,39891,Paliurus spina-christi,Paliurus spina-christi,
112303,Angiospermes,Plantae,"Papaver dubium L., 1753",2888464,40152,Papaver dubium,Papaver dubium,
112355,Angiospermes,Plantae,"Papaver rhoeas L., 1753",2888443,40195,Papaver rhoeas,Papaver rhoeas,
112410,Angiospermes,Plantae,"Parietaria judaica L., 1756",5361801,40305,Parietaria judaica,Parietaria judaica,
112413,Angiospermes,Plantae,"Parietaria officinalis L., 1753",5361803,40307,Parietaria officinalis,Parietaria officinalis,
112421,Angiospermes,Plantae,"Paris quadrifolia L., 1753",5295911,40337,Paris quadrifolia,Paris quadrifolia,
112426,Angiospermes,Plantae,"Parnassia palustris L., 1753",3032585,40381,Parnassia palustris,Parnassia palustris,
112467,Angiospermes,Plantae,"Parthenocissus tricuspidata (Siebold & Zucc.) Planch., 1887",3039209,40430,Parthenocissus tricuspidata,Parthenocissus tricuspidata,
112550,Angiospermes,Plantae,"Pastinaca sativa L., 1753",8262702,40533,Pastinaca sativa,Pastinaca sativa,
112550,Angiospermes,Plantae,"Pastinaca sativa L., 1753",8262702,40533,Pastinaca sativa,Pastinaca sativa,
112590,Angiospermes,Plantae,"Pedicularis palustris L., 1753",3171734,40701,Pedicularis palustris,not_found,
112601,Angiospermes,Plantae,"Pedicularis sylvatica L., 1753",3171712,40711,Pedicularis sylvatica,not_found,
112739,Angiospermes,Plantae,"Persicaria hydropiper (L.) Spach, 1841",8323622,41190,Persicaria hydropiper,not_found,
112745,Angiospermes,Plantae,"Persicaria maculosa Gray, 1821 [nom. cons.]",6391194,41193,Persicaria maculosa,not_found,
112783,Angiospermes,Plantae,"Petasites hybridus (L.) G.Gaertn., B.Mey. & Scherb., 1801",9490132,41263,Petasites hybridus,Petasites hybridus,
113221,Angiospermes,Plantae,"Phleum pratense L., 1753",9014945,41549,Phleum pratense,Phleum pratense,
113260,Angiospermes,Plantae,"Phragmites australis (Cav.) Trin. ex Steud., 1840",5290149,41658,Phragmites australis,Phragmites australis,
113418,Angiospermes,Plantae,"Phytolacca americana L., 1753",3084015,41897,Phytolacca americana,Phytolacca americana,
113525,Angiospermes,Plantae,"Pilosella officinarum F.W.Schultz & Sch.Bip., 1862",7874303,42016,Pilosella officinarum,Pilosella officinarum,
113579,Angiospermes,Plantae,"Pimpinella major (L.) Huds., 1762",5371874,42065,Pimpinella major,Pimpinella major,
113596,Angiospermes,Plantae,"Pimpinella saxifraga L., 1753",7622278,42069,Pimpinella saxifraga,Pimpinella saxifraga,
113744,Angiospermes,Plantae,"Pistacia lentiscus L., 1753",3190583,42352,Pistacia lentiscus,Pistacia lentiscus,
113804,Angiospermes,Plantae,"Plantago afra L., 1762",7303104,42502,Plantago afra,not_found,
113809,Angiospermes,Plantae,"Plantago arenaria Waldst. & Kit., 1802",3189762,42510,Plantago indica,Plantago arenaria,
113842,Angiospermes,Plantae,"Plantago coronopus L., 1753",3189739,42521,Plantago coronopus,Plantago coronopus,
113893,Angiospermes,Plantae,"Plantago lanceolata L., 1753",8208358,42541,Plantago lanceolata,Plantago lanceolata,
113904,Angiospermes,Plantae,"Plantago major L., 1753",3189767,42544,Plantago major,Plantago major,
113924,Angiospermes,Plantae,"Plantago ovata Forssk., 1775",3189723,42551,Plantago ovata,Plantago ovata,
113957,Angiospermes,Plantae,"Plantago sempervirens Crantz, 1766",7303117,42561,not_found,not_found,
114080,Angiospermes,Plantae,"Plumbago europaea L., 1753",4090052,70596,Plumbago europaea,Plumbago europaea,
114595,Angiospermes,Plantae,"Polygala vulgaris L., 1753 [nom. et typ. cons.]",3191374,43193,Polygala vulgaris,Polygala vulgaris,
114611,Angiospermes,Plantae,"Polygonatum multiflorum (L.) All., 1785",2770022,43204,Polygonatum multiflorum,Polygonatum multiflorum,
114612,Angiospermes,Plantae,"Polygonatum odoratum (Mill.) Druce, 1906",2770228,43205,Polygonatum odoratum,Polygonatum odoratum,
114658,Angiospermes,Plantae,"Polygonum aviculare L., 1753",7821030,43221,Polygonum aviculare,Polygonum aviculare,
115110,Angiospermes,Plantae,"Populus alba L., 1753",3040233,43493,Populus alba,Populus alba,
115145,Angiospermes,Plantae,"Populus nigra L., 1753",3040227,43519,Populus nigra,Populus nigra,
115156,Angiospermes,Plantae,"Populus tremula L., 1753",3040249,43532,Populus tremula,Populus tremula,
115215,Angiospermes,Plantae,"Portulaca oleracea L., 1753",3084719,43573,Portulaca oleracea,Portulaca oleracea,
115280,Angiospermes,Plantae,"Potamogeton natans L., 1753",5301147,43614,Potamogeton natans,Potamogeton natans,
115407,Angiospermes,Plantae,"Potentilla argentea L., 1753",8011540,43638,Potentilla argentea,not_found,
115470,Angiospermes,Plantae,"Potentilla erecta (L.) Raeusch., 1797",5365576,43663,Potentilla erecta,Potentilla erecta,
115624,Angiospermes,Plantae,"Potentilla reptans L., 1753",5367273,43716,Potentilla reptans,Potentilla reptans,
115813,Angiospermes,Plantae,"Prenanthes purpurea L., 1753",3090783,44013,not_found,not_found,
115865,Angiospermes,Plantae,"Primula elatior (L.) Hill, 1765",5414326,44042,Primula elatior,Primula elatior,
115868,Angiospermes,Plantae,"Primula farinosa L., 1753",7931979,44044,Primula farinosa,not_found,
115918,Angiospermes,Plantae,"Primula veris L., 1753",8377689,44078,Primula veris,Primula veris,
116012,Angiospermes,Plantae,"Prunella vulgaris L., 1753",5341297,44289,Prunella vulgaris,Prunella vulgaris,
116043,Angiospermes,Plantae,"Prunus avium (L.) L., 1755",3020791,44304,Prunus avium,Prunus avium,
116089,Angiospermes,Plantae,"Prunus laurocerasus L., 1753",3021496,44364,Prunus laurocerasus,Prunus laurocerasus,
116096,Angiospermes,Plantae,"Prunus mahaleb L., 1753",3022789,44371,Prunus mahaleb,Prunus mahaleb,
116109,Angiospermes,Plantae,"Prunus padus L., 1753",3021037,44388,Prunus padus,Prunus padus,
116142,Angiospermes,Plantae,"Prunus spinosa L., 1753",3023221,44422,Prunus spinosa,Prunus spinosa,
116392,Angiospermes,Plantae,"Pulicaria dysenterica (L.) Bernh., 1800",3095609,45023,Pulicaria dysenterica,Pulicaria dysenterica,
116407,Angiospermes,Plantae,"Pulmonaria affinis Jord., 1854",5660579,95079,not_found,not_found,
116416,Angiospermes,Plantae,"Pulmonaria longifolia (Bastard) Boreau, 1857",7294681,45036,Pulmonaria longifolia,not_found,
116422,Angiospermes,Plantae,"Pulmonaria officinalis L., 1753",5341204,45040,Pulmonaria officinalis,Pulmonaria officinalis,
116547,Angiospermes,Plantae,"Pyrola rotundifolia L., 1753",2888269,45189,Pyrola rotundifolia,Pyrola rotundifolia,
116574,Angiospermes,Plantae,"Pyrus communis L., 1753",5362573,45232,Pyrus communis,Pyrus communis,
116704,Angiospermes,Plantae,"Quercus ilex L., 1753 [nom. et typ. cons. prop.]",2879098,45402,Quercus ilex,Quercus ilex,
521658,Angiospermes,Plantae,"Quercus petraea (Matt.) Liebl., 1784",2880130,45457,Quercus petraea,Quercus petraea,
521658,Angiospermes,Plantae,"Quercus petraea (Matt.) Liebl., 1784",2880130,45457,Quercus petraea,Quercus petraea,
116751,Angiospermes,Plantae,"Quercus pubescens Willd., 1796 [nom. et typ. cons.]",2881283,45465,Quercus pubescens,Quercus pubescens,
116754,Angiospermes,Plantae,"Quercus pyrenaica Willd., 1805",2878826,45468,Quercus pyrenaica,not_found,
116759,Angiospermes,Plantae,"Quercus robur L., 1753",2878688,45470,Quercus robur,Quercus robur,
116876,Angiospermes,Plantae,"Ramonda myconi (L.) Rchb., 1831",5588846,95303,Ramonda myconi,not_found,
116903,Angiospermes,Plantae,"Ranunculus acris L., 1753",3033363,45587,Ranunculus acris,Ranunculus acris,
116952,Angiospermes,Plantae,"Ranunculus bulbosus L., 1753",3033329,45613,Ranunculus bulbosus,Ranunculus bulbosus,
117125,Angiospermes,Plantae,"Ranunculus montanus Willd., 1799",7456960,45679,not_found,not_found,
117201,Angiospermes,Plantae,"Ranunculus repens L., 1753",3033339,45737,Ranunculus repens,Ranunculus repens,
117224,Angiospermes,Plantae,"Ranunculus sceleratus L., 1753",3033374,45748,Ranunculus sceleratus,Ranunculus sceleratus,
117459,Angiospermes,Plantae,"Reseda luteola L., 1753",3040251,45915,Reseda luteola,Reseda luteola,
117503,Angiospermes,Plantae,"Reynoutria japonica Houtt., 1777",2889173,45956,Reynoutria japonica,Reynoutria japonica,
117530,Angiospermes,Plantae,"Rhamnus cathartica L., 1753",3039491,45983,Rhamnus cathartica,Rhamnus cathartica,
117668,Angiospermes,Plantae,"Rhodiola rosea L., 1753",2985688,46137,Rhodiola rosea,Rhodiola rosea,
117679,Angiospermes,Plantae,"Rhododendron ferrugineum L., 1753",2883073,46174,Rhododendron ferrugineum,Rhododendron ferrugineum,
117712,Angiospermes,Plantae,"Rhus coriaria L., 1753",3190563,46310,Rhus coriaria,Rhus coriaria,
117774,Angiospermes,Plantae,"Ribes rubrum L., 1753",2986097,46527,Ribes rubrum,Ribes rubrum,
117806,Angiospermes,Plantae,"Ricinus communis L., 1753",5380041,46557,Ricinus communis,Ricinus communis,
118016,Angiospermes,Plantae,"Rosa arvensis Huds., 1762",3007054,46721,Rosa arvensis,not_found,
118073,Angiospermes,Plantae,"Rosa canina L., 1753",3002461,46728,Rosa canina,Rosa canina,
118397,Angiospermes,Plantae,"Rosa pendulina L., 1753",3006974,46768,Rosa pendulina,not_found,
118916,Angiospermes,Plantae,"Rubia peregrina L., 1753",2892347,46878,Rubia peregrina,Rubia peregrina,
118920,Angiospermes,Plantae,"Rubia tinctorum L., 1753",2892272,46881,Rubia tinctorum,Rubia tinctorum,
119097,Angiospermes,Plantae,"Rubus fruticosus L., 1753 [nom. et typ. cons.]",8436459,47059,Rubus fruticosus,Rubus fruticosus,
119149,Angiospermes,Plantae,"Rubus idaeus L., 1753",2993094,47124,Rubus idaeus,Rubus idaeus,
119418,Angiospermes,Plantae,"Rumex acetosa L., 1753 [nom. et typ. cons.]",2888951,47451,Rumex acetosa,Rumex acetosa,
119419,Angiospermes,Plantae,"Rumex acetosella L., 1753",2888995,47452,Rumex acetosella,Rumex acetosella,
119435,Angiospermes,Plantae,"Rumex alpinus L., 1753 [nom. et typ. cons.]",2888948,47456,Rumex alpinus,Rumex alpinus,
119473,Angiospermes,Plantae,"Rumex crispus L., 1753",8195144,47468,Rumex crispus,Rumex crispus,
119550,Angiospermes,Plantae,"Rumex obtusifolius L., 1753",2889011,47498,Rumex obtusifolius,Rumex obtusifolius,
119558,Angiospermes,Plantae,"Rumex patientia L., 1753",2889019,47501,Rumex patientia,Rumex patientia,
119698,Angiospermes,Plantae,"Ruscus aculeatus L., 1753",2769766,47558,Ruscus aculeatus,Ruscus aculeatus,
119860,Angiospermes,Plantae,"Sagittaria sagittifolia L., 1753",5328882,47714,Sagittaria sagittifolia,Sagittaria sagittifolia,
119915,Angiospermes,Plantae,"Salix alba L., 1753 [nom. et typ. cons.]",5422592,47776,Salix alba,Salix alba,
119977,Angiospermes,Plantae,"Salix caprea L., 1753",5372952,47806,Salix caprea,Salix caprea,
120135,Angiospermes,Plantae,"Salix myrsinifolia Salisb., 1796",5372875,47888,Salix myrsinifolia,not_found,
120189,Angiospermes,Plantae,"Salix purpurea L., 1753",5372800,47913,Salix purpurea,Salix purpurea,
120642,Angiospermes,Plantae,"Salvia fruticosa Mill., 1768",6412283,48116,Salvia fruticosa,Salvia fruticosa,
120643,Angiospermes,Plantae,"Salvia glutinosa L., 1753",2927026,48118,Salvia glutinosa,Salvia glutinosa,
120678,Angiospermes,Plantae,"Salvia officinalis L., 1753",2927004,48147,Salvia officinalis,Salvia officinalis,
120685,Angiospermes,Plantae,"Salvia pratensis L., 1753",2927007,48156,Salvia pratensis,Salvia pratensis,
120712,Angiospermes,Plantae,"Sambucus ebulus L., 1753",2888722,48201,Sambucus ebulus,Sambucus ebulus,
120717,Angiospermes,Plantae,"Sambucus nigra L., 1753",2888728,48206,Sambucus nigra,Sambucus nigra,
120720,Angiospermes,Plantae,"Sambucus racemosa L., 1753",2888723,48209,Sambucus racemosa,Sambucus racemosa,
120758,Angiospermes,Plantae,"Sanguisorba officinalis L., 1753",3029627,48235,Sanguisorba officinalis,Sanguisorba officinalis,
120772,Angiospermes,Plantae,"Sanicula europaea L., 1753",6027128,48244,Sanicula europaea,Sanicula europaea,
120785,Angiospermes,Plantae,"Santolina chamaecyparissus L., 1753",3125933,48303,Santolina chamaecyparissus,Santolina chamaecyparissus,
120786,Angiospermes,Plantae,"Santolina corsica Jord. & Fourr., 1869",4252927,71245,not_found,not_found,
120823,Angiospermes,Plantae,"Saponaria ocymoides L., 1753",3085357,48361,Saponaria ocymoides,Saponaria ocymoides,
120824,Angiospermes,Plantae,"Saponaria officinalis L., 1753",3085360,48362,Saponaria officinalis,Saponaria officinalis,
120908,Angiospermes,Plantae,"Satureja montana L., 1753",2926884,48472,Satureja montana,Satureja montana,
121065,Angiospermes,Plantae,"Saxifraga granulata L., 1753",7887000,48601,Saxifraga granulata,not_found,
121334,Angiospermes,Plantae,"Scabiosa columbaria L., 1753",2888802,48641,Scabiosa columbaria,Scabiosa columbaria,
121606,Angiospermes,Plantae,"Scilla bifolia L., 1753",2767506,49008,Scilla bifolia,not_found,
121823,Angiospermes,Plantae,"Scleranthus annuus L., 1753",3085894,49087,Scleranthus annuus,Scleranthus annuus,
121999,Angiospermes,Plantae,"Scrophularia auriculata L., 1753 [nom. et typ. cons.]",3170875,49223,Scrophularia auriculata,not_found,
122028,Angiospermes,Plantae,"Scrophularia nodosa L., 1753",3170886,49239,Scrophularia nodosa,Scrophularia nodosa,
122069,Angiospermes,Plantae,"Scutellaria galericulata L., 1753",2926759,49261,Scutellaria galericulata,Scutellaria galericulata,
122101,Angiospermes,Plantae,"Sedum acre L., 1753",5362007,49361,Sedum acre,Sedum acre,
122106,Angiospermes,Plantae,"Sedum album L., 1753",5362008,49363,Sedum album,Sedum album,
122140,Angiospermes,Plantae,"Sedum cepaea L., 1753",5690287,49371,not_found,not_found,
122243,Angiospermes,Plantae,"Sedum rubens L., 1753",7963827,49395,not_found,not_found,
122419,Angiospermes,Plantae,"Sempervivum arachnoideum L., 1753",4201709,49468,Sempervivum arachnoideum,Sempervivum arachnoideum,
122467,Angiospermes,Plantae,"Sempervivum montanum L., 1753",8164781,49473,Sempervivum montanum,not_found,
122493,Angiospermes,Plantae,"Sempervivum tectorum L., 1753",2985949,49475,Sempervivum tectorum,Sempervivum tectorum,
122593,Angiospermes,Plantae,"Senecio doronicum (L.) L., 1759",3107708,49526,not_found,not_found,
122675,Angiospermes,Plantae,"Senecio ovatus (G.Gaertn., B.Mey. & Scherb.) Willd., 1803",3107361,49594,Senecio ovatus,not_found,
122714,Angiospermes,Plantae,"Senecio sarracenicus L., 1753 [nom. et typ. cons.]",7903764,49614,not_found,not_found,
122726,Angiospermes,Plantae,"Senecio sylvaticus L., 1753",3107987,49629,not_found,Senecio sylvaticus,
122745,Angiospermes,Plantae,"Senecio vulgaris L., 1753",3108983,49638,Senecio vulgaris,Senecio vulgaris,
122971,Angiospermes,Plantae,"Serratula tinctoria L., 1753",5388835,49774,Serratula tinctoria,Serratula tinctoria,
123258,Angiospermes,Plantae,"Sideritis hyssopifolia L., 1753",8372368,50123,Sideritis hyssopifolia,not_found,
123683,Angiospermes,Plantae,"Silene vulgaris (Moench) Garcke, 1869",9172281,50304,Silene vulgaris,Silene vulgaris,
123705,Angiospermes,Plantae,"Silybum marianum (L.) Gaertn., 1791",3145214,50313,Silybum marianum,Silybum marianum,
123711,Angiospermes,Plantae,"Sinapis alba L., 1753",3047621,50347,Sinapis alba,Sinapis alba,
123713,Angiospermes,Plantae,"Sinapis arvensis L., 1753",3047598,50348,Sinapis arvensis,Sinapis arvensis,
123863,Angiospermes,Plantae,"Sisymbrium officinale (L.) Scop., 1772",3046890,50427,Sisymbrium officinale,Sisymbrium officinale,
124034,Angiospermes,Plantae,"Solanum dulcamara L., 1753",2932737,50679,Solanum dulcamara,Solanum dulcamara,
124080,Angiospermes,Plantae,"Solanum nigrum L., 1753",9150405,50755,Solanum nigrum,Solanum nigrum,
124139,Angiospermes,Plantae,"Soldanella alpina L., 1753",7923515,50853,not_found,Soldanella alpina,
124164,Angiospermes,Plantae,"Solidago canadensis L., 1753",5389029,50873,Solidago canadensis,Solidago canadensis,
124168,Angiospermes,Plantae,"Solidago gigantea Aiton, 1789",5389017,50876,Solidago gigantea,Solidago gigantea,
124205,Angiospermes,Plantae,"Solidago virgaurea L., 1753",6446462,50905,Solidago virgaurea,Solidago virgaurea,
124232,Angiospermes,Plantae,"Sonchus arvensis L., 1753",3105813,50913,Sonchus arvensis,Sonchus arvensis,
124233,Angiospermes,Plantae,"Sonchus asper (L.) Hill, 1769",3105782,50914,Sonchus asper,Sonchus asper,
124308,Angiospermes,Plantae,"Sorbus aucuparia L., 1753",3012167,50997,Sorbus aucuparia,Sorbus aucuparia,
124453,Angiospermes,Plantae,"Spartium junceum L., 1753",5355395,51228,Spartium junceum,Spartium junceum,
124499,Angiospermes,Plantae,"Spergula arvensis L., 1753",3085810,51244,Spergula arvensis,Spergula arvensis,
124741,Angiospermes,Plantae,"Stachys annua (L.) L., 1763",2927235,51533,Stachys annua,not_found,
124744,Angiospermes,Plantae,"Stachys arvensis (L.) L., 1763",2927229,51535,Stachys arvensis,not_found,
124798,Angiospermes,Plantae,"Stachys palustris L., 1753",2927245,51554,Stachys palustris,Stachys palustris,
124814,Angiospermes,Plantae,"Stachys sylvatica L., 1753",2927282,51561,Stachys sylvatica,Stachys sylvatica,
125014,Angiospermes,Plantae,"Stellaria media (L.) Vill., 1789",5384604,51634,Stellaria media,Stellaria media,
125295,Angiospermes,Plantae,"Succisa pratensis Moench, 1794",2888811,52337,Succisa pratensis,Succisa pratensis,
125324,Angiospermes,Plantae,"Symphoricarpos albus (L.) S.F.Blake, 1914",8012439,52513,Symphoricarpos albus,Symphoricarpos albus,
125343,Angiospermes,Plantae,"Symphytum bulbosum K.F.Schimp., 1825",7629613,52528,not_found,not_found,
125355,Angiospermes,Plantae,"Symphytum officinale L., 1753",7558421,52530,Symphytum officinale,Symphytum officinale,
125426,Angiospermes,Plantae,"Tamarix gallica L., 1753",8380575,52980,Tamarix gallica,Tamarix gallica,
125469,Angiospermes,Plantae,"Tanacetum parthenium (L.) Sch.Bip., 1844",3118430,53016,Tanacetum parthenium,Tanacetum parthenium,
125474,Angiospermes,Plantae,"Tanacetum vulgare L., 1753",3118274,53018,Tanacetum vulgare,Tanacetum vulgare,
717630,Angiospermes,Plantae,"Taraxacum officinale F.H.Wigg., 1780",5394163,391852,Taraxacum officinale,Taraxacum officinale,
125981,Angiospermes,Plantae,"Teucrium chamaedrys L., 1753",6411747,53949,Teucrium chamaedrys,Teucrium chamaedrys,
126006,Angiospermes,Plantae,"Teucrium marum L., 1753",7308317,99690,Teucrium marum,Teucrium marum,
126008,Angiospermes,Plantae,"Teucrium montanum L., 1753",7308294,53962,Teucrium montanum,not_found,
126019,Angiospermes,Plantae,"Teucrium polium L., 1753",3887764,53965,Teucrium polium,Teucrium polium,
126035,Angiospermes,Plantae,"Teucrium scorodonia L., 1753",2926901,53973,Teucrium scorodonia,Teucrium scorodonia,
126552,Angiospermes,Plantae,"Thymus nitens Lamotte, 1881",5606132,54253,not_found,not_found,
126573,Angiospermes,Plantae,"Thymus serpyllum L., 1753",6409622,54268,Thymus serpyllum,Thymus serpyllum,
126582,Angiospermes,Plantae,"Thymus vulgaris L., 1753",5341442,54274,Thymus vulgaris,Thymus vulgaris,
126628,Angiospermes,Plantae,"Tilia cordata Mill., 1768",3152047,54325,Tilia cordata,Tilia cordata,
126650,Angiospermes,Plantae,"Tilia platyphyllos Scop., 1771 [nom. et typ. cons.]",3152048,54344,Tilia platyphyllos,Tilia platyphyllos,
127029,Angiospermes,Plantae,"Tragopogon pratensis L., 1753",5386897,54643,Tragopogon pratensis,Tragopogon pratensis,
127131,Angiospermes,Plantae,"Tribulus terrestris L., 1753",5421116,54718,Tribulus terrestris,Tribulus terrestris,
127219,Angiospermes,Plantae,"Trifolium alpinum L., 1753",5359425,54920,Trifolium alpinum,not_found,
127230,Angiospermes,Plantae,"Trifolium arvense L., 1753",5359246,54926,Trifolium arvense,not_found,
127439,Angiospermes,Plantae,"Trifolium pratense L., 1753",8324121,54991,Trifolium pratense,Trifolium pratense,
127872,Angiospermes,Plantae,"Trollius europaeus L., 1753",3033289,55291,Trollius europaeus,Trollius europaeus,
128042,Angiospermes,Plantae,"Tussilago farfara L., 1753",3149879,55378,Tussilago farfara,Tussilago farfara,
128077,Angiospermes,Plantae,"Typha latifolia L., 1753",5289423,55399,Typha latifolia,Typha latifolia,
128175,Angiospermes,Plantae,"Ulmus minor Mill., 1768",5361865,55465,Ulmus minor,not_found,
128215,Angiospermes,Plantae,"Umbilicus rupestris (Salisb.) Dandy, 1948",7334368,55489,Umbilicus rupestris,Umbilicus rupestris,
128268,Angiospermes,Plantae,"Urtica dioica L., 1753",7960979,55598,Urtica dioica,Urtica dioica,
128298,Angiospermes,Plantae,"Urtica urens L., 1753",5361815,55609,Urtica urens,Urtica urens,
128345,Angiospermes,Plantae,"Vaccinium myrtillus L., 1753",2882833,55736,Vaccinium myrtillus,Vaccinium myrtillus,
128391,Angiospermes,Plantae,"Valeriana celtica L., 1753",7298940,100721,Valeriana celtica,Valeriana celtica,
128416,Angiospermes,Plantae,"Valeriana montana L., 1753",7735944,55771,not_found,not_found,
128419,Angiospermes,Plantae,"Valeriana officinalis L., 1753",2888763,55773,Valeriana officinalis,Valeriana officinalis,
128476,Angiospermes,Plantae,"Valerianella locusta (L.) Laterr., 1821",2888778,55801,Valeriana locusta,not_found,
128520,Angiospermes,Plantae,"Veratrum album L., 1753",2742119,55963,Veratrum album,Veratrum album,
128567,Angiospermes,Plantae,"Verbascum densiflorum Bertol., 1810",3171939,55982,Verbascum densiflorum,Verbascum densiflorum,
128615,Angiospermes,Plantae,"Verbascum nigrum L., 1753",3171945,55994,Verbascum nigrum,Verbascum nigrum,
128660,Angiospermes,Plantae,"Verbascum thapsus L., 1753",3171949,56010,Verbascum thapsus,Verbascum thapsus,
128754,Angiospermes,Plantae,"Verbena officinalis L., 1753",2925529,56033,Verbena officinalis,Verbena officinalis,
128808,Angiospermes,Plantae,"Veronica beccabunga L., 1753",3172062,56238,Veronica beccabunga,Veronica beccabunga,
128832,Angiospermes,Plantae,"Veronica chamaedrys L., 1753",7874883,56242,Veronica chamaedrys,Veronica chamaedrys,
128938,Angiospermes,Plantae,"Veronica officinalis L., 1753",3172049,56262,Veronica officinalis,Veronica officinalis,
129083,Angiospermes,Plantae,"Viburnum lantana L., 1753",2888615,56319,Viburnum lantana,Viburnum lantana,
129087,Angiospermes,Plantae,"Viburnum opulus L., 1753",2888605,56323,Viburnum opulus,Viburnum opulus,
129468,Angiospermes,Plantae,"Vinca major L., 1753",3169708,56477,Vinca major,Vinca major,
129470,Angiospermes,Plantae,"Vinca minor L., 1753",3169707,56478,Vinca minor,Vinca minor,
129477,Angiospermes,Plantae,"Vincetoxicum hirundinaria Medik., 1790",5414548,56482,Vincetoxicum hirundinaria,Vincetoxicum hirundinaria,
129506,Angiospermes,Plantae,"Viola arvensis Murray, 1770",5331235,56491,Viola arvensis,not_found,
129520,Angiospermes,Plantae,"Viola biflora L., 1753",5331325,56497,Viola biflora,Viola biflora,
129527,Angiospermes,Plantae,"Viola calcarata L., 1753",7296469,56502,Viola calcarata,not_found,
129529,Angiospermes,Plantae,"Viola canina L., 1753",5331258,56505,Viola canina,Viola canina,
129539,Angiospermes,Plantae,"Viola collina Besser, 1816",7296247,56508,not_found,Viola collina,
129596,Angiospermes,Plantae,"Viola jordanii Hanry, 1853",7344870,101002,not_found,not_found,
129614,Angiospermes,Plantae,"Viola lutea Huds., 1762",8388117,56535,Viola lutea,not_found,
129632,Angiospermes,Plantae,"Viola odorata L., 1753",5331181,56546,Viola odorata,Viola odorata,
129639,Angiospermes,Plantae,"Viola palustris L., 1753",5331355,56549,Viola palustris,not_found,
129666,Angiospermes,Plantae,"Viola reichenbachiana Jord. ex Boreau, 1857",5663962,56566,not_found,Viola reichenbachiana,
129674,Angiospermes,Plantae,"Viola rupestris F.W.Schmidt, 1791",7296242,56571,not_found,not_found,
129723,Angiospermes,Plantae,"Viola tricolor L., 1753",5331347,56588,Viola tricolor,Viola tricolor,
129906,Angiospermes,Plantae,"Viscum album L., 1753",2889828,56635,Viscum album,Viscum album,
129906,Angiospermes,Plantae,"Viscum album L., 1753",2889828,56635,Viscum album,Viscum album,
129906,Angiospermes,Plantae,"Viscum album L., 1753",2889828,56635,Viscum album,Viscum album,
129906,Angiospermes,Plantae,"Viscum album L., 1753",2889828,56635,Viscum album,Viscum album,
130484,Angiospermes,Plantae,"Xanthium orientale L., 1763",3089146,57120,not_found,Xanthium strumarium,
130491,Angiospermes,Plantae,"Xanthium spinosum L., 1753",3089150,57127,Xanthium spinosum,Xanthium spinosum,
130492,Angiospermes,Plantae,"Xanthium strumarium L., 1753",3089154,57128,Xanthium strumarium,Xanthium strumarium,
162352,Angiospermes,Plantae,"Ziziphus jujuba Mill., 1768 [nom. cons.]",3039423,57554,Ziziphus jujuba,Ziziphus jujuba,
84458,Fougères,Plantae,"Asplenium adiantum-nigrum L., 1753",2650594,5634,Asplenium adiantum-nigrum,Asplenium adiantum-nigrum,
84472,Fougères,Plantae,"Asplenium ceterach L., 1753",2650617,5649,Asplenium ceterach,Asplenium ceterach,
84524,Fougères,Plantae,"Asplenium scolopendrium L., 1753",2650669,5693,Asplenium scolopendrium,Asplenium scolopendrium,
95567,Fougères,Plantae,"Dryopteris filix-mas (L.) Schott, 1834",5275132,19413,Dryopteris filix-mas,Dryopteris filix-mas,
96508,Fougères,Plantae,"Equisetum arvense L., 1753",7924597,20927,Equisetum arvense,Equisetum arvense,
96523,Fougères,Plantae,"Equisetum hyemale L., 1753",2687927,20931,Equisetum hyemale,Equisetum hyemale,
96534,Fougères,Plantae,"Equisetum palustre L., 1753",2687932,20934,Equisetum palustre,Equisetum palustre,
96545,Fougères,Plantae,"Equisetum sylvaticum L., 1753",2687929,20939,Equisetum sylvaticum,Equisetum sylvaticum,
96546,Fougères,Plantae,"Equisetum telmateia Ehrh., 1783",2687943,20940,Equisetum telmateia,Equisetum telmateia,
762284,Fougères,Plantae,"Equisetum variegatum Schleich. ex F.Weber & D.Mohr, 1807",2687920,20942,not_found,Equisetum variegatum,
111815,Fougères,Plantae,"Osmunda regalis L., 1753",8049341,39427,Osmunda regalis,Osmunda regalis,
115016,Fougères,Plantae,"Polypodium vulgare L., 1753",5274951,43323,Polypodium vulgare,Polypodium vulgare,
116265,Fougères,Plantae,"Pteridium aquilinum (L.) Kuhn, 1879",5275012,44805,Pteridium aquilinum,Pteridium aquilinum,
79319,Gymnospermes,Plantae,"Abies alba Mill., 1768",2685484,29,Abies alba,Abies alba,
89452,Gymnospermes,Plantae,"Cedrus atlantica (Endl.) Manetti ex Carrière, 1855",5284702,11381,Cedrus atlantica,Cedrus atlantica,
93590,Gymnospermes,Plantae,"Cupressus sempervirens L., 1753",2684030,15939,Cupressus sempervirens,Cupressus sempervirens,
96101,Gymnospermes,Plantae,"Ephedra distachya L., 1753",2653321,20753,Ephedra distachya,Ephedra distachya,
104397,Gymnospermes,Plantae,"Juniperus communis L., 1753",2684709,31556,Juniperus communis,Juniperus communis,
104409,Gymnospermes,Plantae,"Juniperus oxycedrus L., 1753",2684451,31578,Juniperus oxycedrus,Juniperus oxycedrus,
104413,Gymnospermes,Plantae,"Juniperus sabina L., 1753",7963890,31587,Juniperus sabina,Juniperus sabina,
105042,Gymnospermes,Plantae,"Larix decidua Mill., 1768",2686212,32364,Larix decidua,Larix decidua,
113432,Gymnospermes,Plantae,"Picea abies (L.) H.Karst., 1881",5284884,41907,Picea abies,Picea abies,
113651,Gymnospermes,Plantae,"Pinus cembra L., 1753",5285134,42105,Pinus cembra,Pinus cembra,
113665,Gymnospermes,Plantae,"Pinus halepensis Mill., 1768",5285604,42129,Pinus halepensis,Pinus halepensis,
113682,Gymnospermes,Plantae,"Pinus mugo Turra, 1764",5285385,42157,Pinus mugo,Pinus mugo,
113682,Gymnospermes,Plantae,"Pinus mugo Turra, 1764",5285385,42157,Pinus mugo,Pinus mugo,
113689,Gymnospermes,Plantae,"Pinus pinaster Aiton, 1789",5285565,42166,Pinus pinaster,Pinus pinaster,
113689,Gymnospermes,Plantae,"Pinus pinaster Aiton, 1789",5285565,42166,Pinus pinaster,Pinus pinaster,
113689,Gymnospermes,Plantae,"Pinus pinaster Aiton, 1789",5285565,42166,Pinus pinaster,Pinus pinaster,
113690,Gymnospermes,Plantae,"Pinus pinea L., 1753",5285165,42167,Pinus pinea,Pinus pinea,
113703,Gymnospermes,Plantae,"Pinus sylvestris L., 1753",5285637,42185,Pinus sylvestris,Pinus sylvestris,
116216,Gymnospermes,Plantae,"Pseudotsuga menziesii (Mirb.) Franco, 1950",2685796,44567,Pseudotsuga menziesii,Pseudotsuga menziesii,
125816,Gymnospermes,Plantae,"Taxus baccata L., 1753",5284517,53526,Taxus baccata,Taxus baccata,
59040,Lichens,Fungi,"Cetraria islandica (L.) Ach., 1803",NA,NA,NA,NA,Not part of the analysis
59053,Lichens,Fungi,"Evernia prunastri (L.) Ach., 1810",NA,NA,NA,NA,Not part of the analysis
56613,Lichens,Fungi,"Lobaria pulmonaria (L.) Hoffm., 1796",NA,NA,NA,NA,Not part of the analysis
618756,Angiospermes,Plantae,"Anchusa azurea Mill., 1768",5341198,3460,Anchusa azurea,Anchusa azurea,
101253,Angiospermes,Plantae,"Hepatica nobilis Schreb., 1771",5371699,203058,Hepatica nobilis,Hepatica nobilis,
85152,Angiospermes,Plantae,"Atropa bella-donna L., 1753",3802655,6192,Atropa bella-donna,Atropa bella-donna,
86828,Angiospermes,Plantae,"Bryonia dioica Jacq., 1774",6422396,8654,Bryonia cretica,Bryonia dioica,
95436,Angiospermes,Plantae,"Drosera anglica Huds., 1778",3190932,19340,Drosera anglica,not_found,
100956,Angiospermes,Plantae,"Helianthemum nummularium (L.) Mill., 1768",8890062,28106,Helianthemum nummularium,Helianthemum nummularium,
116412,Angiospermes,Plantae,"Pulmonaria australis (Murr) W.Sauer, 1975",5660562,45034,not_found,not_found,
119881,Angiospermes,Plantae,"Salicornia europaea L., 1753",9823570,47757,Salicornia europaea,Salicornia europaea,
92488,Angiospermes,Plantae,"Cormus domestica (L.) Spach, 1834",3013215,51024,Cormus domestica,not_found,
124578,Angiospermes,Plantae,"Spergularia rubra (L.) J.Presl & C.Presl, 1819",3085633,98361,Spergularia rubra,Spergularia rubra,
999933,Angiospermes,Plantae,"Rabelera holostea (L.) M.T.Sharples & E.A.Tripp, 2019",11071158,51629,not_found,not_found,
107887,Angiospermes,Plantae,"Melilotus altissimus Thuill., 1799",2971042,459564,Melilotus altissimus,Melilotus altissimus,
107942,Angiospermes,Plantae,"Melilotus officinalis (L.) Lam., 1779",8193111,459576,Melilotus officinalis,Melilotus officinalis,
72459,Algue brune,Chromista,"Alaria esculenta (L.) Grev., 1830",NA,NA,NA,NA,Not part of the analysis
72498,Algue brune,Chromista,"Ascophyllum nodosum (L.) Le Jolis, 1863",NA,NA,NA,NA,Not part of the analysis
72522,Algue brune,Chromista,"Bifurcaria bifurcata R.Ross, 1958",NA,NA,NA,NA,Not part of the analysis
72770,Algue brune,Chromista,"Fucus serratus L., 1753",NA,NA,NA,NA,Not part of the analysis
72775,Algue brune,Chromista,"Fucus vesiculosus L., 1753",NA,NA,NA,NA,Not part of the analysis
72845,Algue brune,Chromista,"Halidrys siliquosa (L.) Lyngbye, 1819",NA,NA,NA,NA,Not part of the analysis
72879,Algue brune,Chromista,"Himanthalia elongata (L.) S.F. Gray, 1821",NA,NA,NA,NA,Not part of the analysis
72896,Algue brune,Chromista,"Laminaria digitata (Hudson) J.V.Lamour., 1813",NA,NA,NA,NA,Not part of the analysis
72898,Algue brune,Chromista,"Laminaria hyperborea (Gunnerus) Foslie, 1884",NA,NA,NA,NA,Not part of the analysis
72901,Algue brune,Chromista,"Laminaria ochroleuca Bachelot de la Pylaie, 1824",NA,NA,NA,NA,Not part of the analysis
529995,Algue brune,Chromista,"Saccharina latissima (L.) C.E. Lane, C. Mayes, Druehl & G.W. Saunders, 2006",NA,NA,NA,NA,Not part of the analysis
73388,Algue brune,Chromista,"Undaria pinnatifida (Harvey) Suringar, 1873",NA,NA,NA,NA,Not part of the analysis
72500,Algue rouge,Plantae,"Asparagopsis armata Harvey, 1855",NA,NA,NA,NA,Not part of the analysis
72590,Algue rouge,Plantae,"Chondrus crispus Stackh., 1797",NA,NA,NA,NA,Not part of the analysis
72666,Algue rouge,Plantae,"Delesseria sanguinea (Hudson) J.V.Lamour., 1813",NA,NA,NA,NA,Not part of the analysis
72701,Algue rouge,Plantae,"Dilsea carnosa (Schmidel) Kuntze, 1898",NA,NA,NA,NA,Not part of the analysis
778610,Algue rouge,Plantae,"Ellisolandia elongata (J.Ellis & Sol.) K.R.Hind & G.W.Saunders, 2013",NA,NA,NA,NA,Not part of the analysis
72939,Algue rouge,Plantae,"Mastocarpus stellatus (Stackh.) Guiry, 1984",NA,NA,NA,NA,Not part of the analysis
370844,Algue rouge,Plantae,"Osmundea pinnatifida (Hudson) Stackh., 1809",NA,NA,NA,NA,Not part of the analysis
72992,Algue rouge,Plantae,"Palmaria palmata (L.) Weber & Mohr, 1805",NA,NA,NA,NA,Not part of the analysis
81287,Angiospermes,Plantae,"Alkanna matthioli Tausch, 1824",5341257,2478,Alkanna tinctoria,not_found,
83528,Angiospermes,Plantae,"Arctostaphylos uva-ursi (L.) Spreng., 1825",2882580,4528,Arctostaphylos uva-ursi,Arctostaphylos uva-ursi,
83969,Angiospermes,Plantae,"Artemisia eriantha Ten., 1831",4229609,5188,not_found,not_found,
85745,Angiospermes,Plantae,"Bellis sylvestris Cirillo, 1792",3117401,7174,not_found,not_found,
85852,Angiospermes,Plantae,"Betonica officinalis L., 1753",2927280,51552,Betonica officinalis,not_found,
87849,Angiospermes,Plantae,"Capsella bursa-pastoris (L.) Medik., 1792",5375388,10226,Capsella bursa-pastoris,Capsella bursa-pastoris,
161772,Angiospermes,Plantae,"Charybdis maritima (L.) Speta, 1998",2776790,19299,Drimia maritima,not_found,
92353,Angiospermes,Plantae,"Convolvulus sepium L., 1753",7384966,9842,Calystegia sepium,not_found,
92566,Angiospermes,Plantae,"Corrigiola litoralis L., 1753",5384680,14638,Corrigiola litoralis,not_found,
92854,Angiospermes,Plantae,"Crataegus germanica (L.) Kuntze, 1891",3031774,36364,Crataegus germanica,not_found,
93680,Angiospermes,Plantae,"Cyanus segetum Hill, 1762",3089561,11567,Centaurea cyanus,not_found,
95149,Angiospermes,Plantae,"Dipsacus fullonum L., 1753",8435025,18734,Dipsacus fullonum,Dipsacus fullonum,
96046,Angiospermes,Plantae,"Elytrigia repens (L.) Desv. ex Nevski, 1934",5290299,20359,Elymus repens,Elytrigia repens,
97185,Angiospermes,Plantae,"Erysimum cheiri (L.) Crantz, 1769",3048203,425541,Erysimum cheiri,Erysimum cheiri,
98023,Angiospermes,Plantae,"Ferula glauca L., 1753",3638472,24101,Ferula glauca,not_found,
103057,Angiospermes,Plantae,"Hyacinthoides non-scripta (L.) Chouard ex Rothm., 1944",5304283,29696,Hyacinthoides non-scripta,Hyacinthoides nonscripta,
103553,Angiospermes,Plantae,"Impatiens noli-tangere L., 1753 [nom. et typ. cons.]",2891779,30393,Impatiens noli-tangere,Impatiens noli-tangere,
103737,Angiospermes,Plantae,"Iris germanica L., 1753",5298069,432139,Iris germanica,Iris germanica,
106546,Angiospermes,Plantae,"Loncomelos pyrenaicus (L.) Hrouda, 1988",2772902,39281,not_found,Ornithogalum pyrenaicum,
610909,Angiospermes,Plantae,"Lysimachia arvensis (L.) U.Manns & Anderb., 2009",8184903,3410,Lysimachia arvensis,not_found,
107886,Angiospermes,Plantae,"Melilotus albus Medik., 1787",2971095,459563,Melilotus albus,Melilotus albus,
112816,Angiospermes,Plantae,"Petrosedum rupestre (L.) P.V.Heath, 1987",7618770,445080,Petrosedum rupestre,not_found,
113321,Angiospermes,Plantae,"Physalis alkekengi L., 1753",5422592,250480,Alkekengi officinarum,Physalis alkekengi,
115789,Angiospermes,Plantae,"Poterium sanguisorba L., 1753",5364245,48233,Sanguisorba minor,Sanguisorbia minor,
116459,Angiospermes,Plantae,"Pulsatilla vernalis (L.) Mill., 1768",3928615,45060,Pulsatilla vernalis,Adonis vernalis,
116460,Angiospermes,Plantae,"Pulsatilla vulgaris Mill., 1768",3033621,45061,Pulsatilla vulgaris,Pulsatilla vulgaris,
117787,Angiospermes,Plantae,"Ribes uva-crispa L., 1753",2986185,46535,Ribes uva-crispa,Ribes uva-crispa,
1027822,Angiospermes,Plantae,"Salvia rosmarinus Spenn., 1835",10902460,451852,Salvia rosmarinus,Rosmarinus officinalis,
119883,Angiospermes,Plantae,"Salicornia fruticosa (L.) L., 1762",5567884,48406,not_found,not_found,
119892,Angiospermes,Plantae,"Salicornia perennis Mill., 1768",5383932,48409,not_found,not_found,
121449,Angiospermes,Plantae,"Scandix pecten-veneris L., 1753",3034233,48687,Scandix pecten-veneris,not_found,
124848,Angiospermes,Plantae,"Staphisagria macrosperma Spach, 1838",7620156,80856,not_found,Delphinium staphysagria,
124970,Angiospermes,Plantae,"Stellaria aquatica (L.) Scop., 1771",5384501,51618,Stellaria aquatica,not_found,
125568,Angiospermes,Plantae,"Taraxacum dens-leonis Desf., 1799",5394163,391852,Taraxacum officinale,Taraxacum officinale,
128355,Angiospermes,Plantae,"Vaccinium vitis-idaea L., 1753",2882835,55754,Vaccinium vitis-idaea,Vaccinium vitis-idaea,
129910,Angiospermes,Plantae,"Visnaga daucoides Gaertn., 1788",5371753,3211,Visnaga daucoides,not_found,
447951,Fougères,Plantae,"Adiantum capillus-veneris L., 1753",2651816,1305,Adiantum capillus-veneris,Adiantum capillus-veneris,
59009,Lichens,Fungi,"Pseudevernia furfuracea (L.) Zopf, 1903",NA,NA,NA,NA,Not part of the analysis
